<?xml version="1.0" encoding="utf-8"?>
<!DOCTYPE plans SYSTEM "http://www.matsim.org/files/dtd/plans_v4.dtd">

<plans>
  <person id="1177532">
    <plan selected="yes">
      <act type="h" x="2794632.4796306426" y="2315180.898353662" end_time="04:28:17"/>
      <leg mode="pt"/>
      <act type="w" x="2791308.177839541" y="2315703.5424548285"/>
    </plan>
  </person>
  <person id="250856">
    <plan selected="yes">
      <act type="h" x="2787049.4414760834" y="2315902.881870432" end_time="06:15:31"/>
      <leg mode="pt"/>
      <act type="w" x="2793525.224167305" y="2314926.489291844"/>
    </plan>
  </person>
  <person id="957932">
    <plan selected="yes">
      <act type="h" x="2783569.68649581" y="2316289.6104890257" end_time="04:10:41"/>
      <leg mode="pt"/>
      <act type="w" x="2787509.148601312" y="2313177.177447994"/>
    </plan>
  </person>
  <person id="1224534">
    <plan selected="yes">
      <act type="h" x="2787354.5301287696" y="2313990.782242909" end_time="07:22:10"/>
      <leg mode="pt"/>
      <act type="w" x="2790138.619927042" y="2313204.756431879"/>
    </plan>
  </person>
  <person id="871643">
    <plan selected="yes">
      <act type="h" x="2788860.08810948" y="2315482.915556011" end_time="07:56:33"/>
      <leg mode="pt"/>
      <act type="w" x="2785454.447604727" y="2316674.8151208023"/>
    </plan>
  </person>
  <person id="1359518">
    <plan selected="yes">
      <act type="h" x="2787976.6644876366" y="2310978.4844702184" end_time="08:58:06"/>
      <leg mode="pt"/>
      <act type="w" x="2788250.823878785" y="2318154.109889228"/>
    </plan>
  </person>
  <person id="290032">
    <plan selected="yes">
      <act type="h" x="2792842.9271836267" y="2316515.4684903556" end_time="04:30:56"/>
      <leg mode="pt"/>
      <act type="w" x="2783115.233594464" y="2315175.9741337"/>
    </plan>
  </person>
  <person id="314881">
    <plan selected="yes">
      <act type="h" x="2788501.674728618" y="2317723.293697234" end_time="05:54:37"/>
      <leg mode="pt"/>
      <act type="w" x="2788564.364936582" y="2316511.5671941964"/>
    </plan>
  </person>
  <person id="465657">
    <plan selected="yes">
      <act type="h" x="2787240.2372752344" y="2313608.122628237" end_time="04:07:21"/>
      <leg mode="pt"/>
      <act type="w" x="2786237.867508009" y="2313946.7882124516"/>
    </plan>
  </person>
  <person id="759004">
    <plan selected="yes">
      <act type="h" x="2779854.222793541" y="2311984.5671698907" end_time="07:13:52"/>
      <leg mode="pt"/>
      <act type="w" x="2789505.7323998976" y="2317066.6355370376"/>
    </plan>
  </person>
  <person id="1056491">
    <plan selected="yes">
      <act type="h" x="2785364.3269196083" y="2312343.971604796" end_time="08:09:22"/>
      <leg mode="pt"/>
      <act type="w" x="2789735.2198015647" y="2313486.625250168"/>
    </plan>
  </person>
  <person id="1257960">
    <plan selected="yes">
      <act type="h" x="2787809.5124175046" y="2312903.033250434" end_time="05:46:58"/>
      <leg mode="pt"/>
      <act type="w" x="2788935.7250570785" y="2311128.1633304977"/>
    </plan>
  </person>
  <person id="1060406">
    <plan selected="yes">
      <act type="h" x="2785476.5107924677" y="2313780.730267085" end_time="06:00:05"/>
      <leg mode="pt"/>
      <act type="w" x="2788461.151983943" y="2317779.769412445"/>
    </plan>
  </person>
  <person id="806433">
    <plan selected="yes">
      <act type="h" x="2780589.2996404683" y="2312656.2482982134" end_time="05:15:23"/>
      <leg mode="pt"/>
      <act type="w" x="2791437.404895274" y="2316101.905431241"/>
    </plan>
  </person>
  <person id="899135">
    <plan selected="yes">
      <act type="h" x="2787423.9864379615" y="2313545.90312975" end_time="04:50:07"/>
      <leg mode="pt"/>
      <act type="w" x="2792736.59554721" y="2315354.353611945"/>
    </plan>
  </person>
  <person id="856344">
    <plan selected="yes">
      <act type="h" x="2790184.1498803794" y="2314128.522012334" end_time="07:24:27"/>
      <leg mode="pt"/>
      <act type="w" x="2788646.874624081" y="2317203.1871217904"/>
    </plan>
  </person>
  <person id="343410">
    <plan selected="yes">
      <act type="h" x="2789138.1721941517" y="2316254.913446768" end_time="08:28:30"/>
      <leg mode="pt"/>
      <act type="w" x="2786673.0796550345" y="2313591.041118276"/>
    </plan>
  </person>
  <person id="1033468">
    <plan selected="yes">
      <act type="h" x="2790598.037744199" y="2318716.3038280834" end_time="06:35:56"/>
      <leg mode="pt"/>
      <act type="w" x="2788637.9188730745" y="2317692.5905151158"/>
    </plan>
  </person>
  <person id="233952">
    <plan selected="yes">
      <act type="h" x="2789524.340959389" y="2317756.5002150526" end_time="07:37:57"/>
      <leg mode="pt"/>
      <act type="w" x="2790540.3960375274" y="2315089.357193593"/>
    </plan>
  </person>
  <person id="76041">
    <plan selected="yes">
      <act type="h" x="2790715.4832778145" y="2318549.94247857" end_time="04:26:11"/>
      <leg mode="pt"/>
      <act type="w" x="2793817.3187652165" y="2316880.745830181"/>
    </plan>
  </person>
  <person id="333812">
    <plan selected="yes">
      <act type="h" x="2790078.6819633837" y="2317419.8077949733" end_time="08:13:42"/>
      <leg mode="pt"/>
      <act type="w" x="2783670.5811264087" y="2314755.1543936087"/>
    </plan>
  </person>
  <person id="493264">
    <plan selected="yes">
      <act type="h" x="2786572.067664603" y="2310796.879249978" end_time="07:05:33"/>
      <leg mode="pt"/>
      <act type="w" x="2780552.796172662" y="2313509.9849716825"/>
    </plan>
  </person>
  <person id="862155">
    <plan selected="yes">
      <act type="h" x="2789459.5954061896" y="2313808.8042431152" end_time="04:49:34"/>
      <leg mode="pt"/>
      <act type="w" x="2787093.524126365" y="2316228.522584699"/>
    </plan>
  </person>
  <person id="867132">
    <plan selected="yes">
      <act type="h" x="2789120.8180280696" y="2314519.9163249684" end_time="04:29:28"/>
      <leg mode="pt"/>
      <act type="w" x="2790186.1074092127" y="2317673.6567618265"/>
    </plan>
  </person>
  <person id="1074503">
    <plan selected="yes">
      <act type="h" x="2791330.758770891" y="2317014.2429134618" end_time="08:38:06"/>
      <leg mode="pt"/>
      <act type="w" x="2785653.847458693" y="2316334.997437906"/>
    </plan>
  </person>
  <person id="128075">
    <plan selected="yes">
      <act type="h" x="2786932.493972998" y="2316625.5993850175" end_time="05:36:55"/>
      <leg mode="pt"/>
      <act type="w" x="2789710.6627458604" y="2316826.2639938365"/>
    </plan>
  </person>
  <person id="772638">
    <plan selected="yes">
      <act type="h" x="2783186.5258832183" y="2314334.8899815213" end_time="04:09:36"/>
      <leg mode="pt"/>
      <act type="w" x="2789880.0236768955" y="2313758.995609016"/>
    </plan>
  </person>
  <person id="577753">
    <plan selected="yes">
      <act type="h" x="2787717.789204989" y="2315181.3760762718" end_time="05:33:52"/>
      <leg mode="pt"/>
      <act type="w" x="2782657.580893728" y="2315168.231164398"/>
    </plan>
  </person>
  <person id="566125">
    <plan selected="yes">
      <act type="h" x="2787763.205243687" y="2314981.375992965" end_time="06:42:44"/>
      <leg mode="pt"/>
      <act type="w" x="2789120.8180280696" y="2314519.9163249684"/>
    </plan>
  </person>
  <person id="648880">
    <plan selected="yes">
      <act type="h" x="2790625.472052397" y="2316319.602166412" end_time="05:58:41"/>
      <leg mode="pt"/>
      <act type="w" x="2785305.119590573" y="2316346.169030219"/>
    </plan>
  </person>
  <person id="302062">
    <plan selected="yes">
      <act type="h" x="2789560.0374664757" y="2316904.3115617055" end_time="05:19:49"/>
      <leg mode="pt"/>
      <act type="w" x="2780990.522356692" y="2314355.1461385107"/>
    </plan>
  </person>
  <person id="1256104">
    <plan selected="yes">
      <act type="h" x="2788273.908593023" y="2312620.846388374" end_time="07:10:18"/>
      <leg mode="pt"/>
      <act type="w" x="2793766.2322448846" y="2315996.6113464576"/>
    </plan>
  </person>
  <person id="99855">
    <plan selected="yes">
      <act type="h" x="2787408.7757070353" y="2317377.470637673" end_time="04:15:16"/>
      <leg mode="pt"/>
      <act type="w" x="2785816.9228759194" y="2316177.706610298"/>
    </plan>
  </person>
  <person id="778477">
    <plan selected="yes">
      <act type="h" x="2784190.530579409" y="2315587.24421905" end_time="08:13:08"/>
      <leg mode="pt"/>
      <act type="w" x="2788824.5979353017" y="2315991.378696356"/>
    </plan>
  </person>
  <person id="268190">
    <plan selected="yes">
      <act type="h" x="2792357.329568904" y="2316452.5196020063" end_time="06:51:32"/>
      <leg mode="pt"/>
      <act type="w" x="2788838.546025918" y="2315979.1564180497"/>
    </plan>
  </person>
  <person id="60323">
    <plan selected="yes">
      <act type="h" x="2788108.5816674875" y="2317489.0544282063" end_time="05:27:07"/>
      <leg mode="pt"/>
      <act type="w" x="2787963.5316879554" y="2312223.6679203324"/>
    </plan>
  </person>
  <person id="107990">
    <plan selected="yes">
      <act type="h" x="2786675.858221812" y="2315980.97813204" end_time="07:31:28"/>
      <leg mode="pt"/>
      <act type="w" x="2789312.0907933675" y="2316928.547275334"/>
    </plan>
  </person>
  <person id="1250569">
    <plan selected="yes">
      <act type="h" x="2782799.244511205" y="2313646.339688642" end_time="04:40:23"/>
      <leg mode="pt"/>
      <act type="w" x="2786015.283537917" y="2316161.977910315"/>
    </plan>
  </person>
  <person id="1247047">
    <plan selected="yes">
      <act type="h" x="2783417.0641792053" y="2312939.57742205" end_time="08:24:15"/>
      <leg mode="pt"/>
      <act type="w" x="2785380.305987179" y="2315849.494126429"/>
    </plan>
  </person>
  <person id="488611">
    <plan selected="yes">
      <act type="h" x="2787256.741644731" y="2312245.944335282" end_time="07:25:57"/>
      <leg mode="pt"/>
      <act type="w" x="2780086.683595934" y="2313438.288010543"/>
    </plan>
  </person>
  <person id="1050622">
    <plan selected="yes">
      <act type="h" x="2786756.4721083576" y="2313406.9600480725" end_time="07:19:00"/>
      <leg mode="pt"/>
      <act type="w" x="2789278.7425685925" y="2314116.132575683"/>
    </plan>
  </person>
  <person id="1347910">
    <plan selected="yes">
      <act type="h" x="2786237.867508009" y="2313946.7882124516" end_time="06:33:38"/>
      <leg mode="pt"/>
      <act type="w" x="2791042.9031918393" y="2318260.552254627"/>
    </plan>
  </person>
  <person id="308642">
    <plan selected="yes">
      <act type="h" x="2790361.94848865" y="2317812.543191048" end_time="08:32:07"/>
      <leg mode="pt"/>
      <act type="w" x="2786258.8483343003" y="2316179.195528011"/>
    </plan>
  </person>
  <person id="1120342">
    <plan selected="yes">
      <act type="h" x="2788772.997777437" y="2313630.9757752893" end_time="04:10:14"/>
      <leg mode="pt"/>
      <act type="w" x="2792898.720048262" y="2319212.849237524"/>
    </plan>
  </person>
  <person id="436800">
    <plan selected="yes">
      <act type="h" x="2787067.8011726127" y="2314857.7007140643" end_time="04:15:47"/>
      <leg mode="pt"/>
      <act type="w" x="2786318.2474491624" y="2309954.4693222507"/>
    </plan>
  </person>
  <person id="1010403">
    <plan selected="yes">
      <act type="h" x="2787679.2458064826" y="2317279.230397413" end_time="06:58:41"/>
      <leg mode="pt"/>
      <act type="w" x="2788948.946891661" y="2309668.0954095083"/>
    </plan>
  </person>
  <person id="945654">
    <plan selected="yes">
      <act type="h" x="2790190.4604183296" y="2314136.025321383" end_time="08:39:29"/>
      <leg mode="pt"/>
      <act type="w" x="2789100.580437953" y="2317026.3468702775"/>
    </plan>
  </person>
  <person id="226786">
    <plan selected="yes">
      <act type="h" x="2791120.002359963" y="2318689.034729909" end_time="04:58:24"/>
      <leg mode="pt"/>
      <act type="w" x="2787109.0980028687" y="2313981.1807749583"/>
    </plan>
  </person>
  <person id="138970">
    <plan selected="yes">
      <act type="h" x="2792886.2681814115" y="2319691.3104528417" end_time="07:18:37"/>
      <leg mode="pt"/>
      <act type="w" x="2791427.2244145437" y="2316100.175119797"/>
    </plan>
  </person>
  <person id="669548">
    <plan selected="yes">
      <act type="h" x="2792926.0115211857" y="2314586.6289983257" end_time="05:43:57"/>
      <leg mode="pt"/>
      <act type="w" x="2788453.4970486667" y="2316227.451428511"/>
    </plan>
  </person>
  <person id="528487">
    <plan selected="yes">
      <act type="h" x="2788948.946891661" y="2309668.0954095083" end_time="06:46:48"/>
      <leg mode="pt"/>
      <act type="w" x="2782657.580893728" y="2315168.231164398"/>
    </plan>
  </person>
  <person id="223018">
    <plan selected="yes">
      <act type="h" x="2791808.4459367823" y="2318944.1783117857" end_time="06:44:46"/>
      <leg mode="pt"/>
      <act type="w" x="2785380.305987179" y="2315849.494126429"/>
    </plan>
  </person>
  <person id="817053">
    <plan selected="yes">
      <act type="h" x="2784633.9141898016" y="2316878.2628114186" end_time="07:53:52"/>
      <leg mode="pt"/>
      <act type="w" x="2779755.112703722" y="2312551.1904790555"/>
    </plan>
  </person>
  <person id="532253">
    <plan selected="yes">
      <act type="h" x="2790086.0562018515" y="2309578.0659712353" end_time="07:20:22"/>
      <leg mode="pt"/>
      <act type="w" x="2790308.137271484" y="2318756.7250659363"/>
    </plan>
  </person>
  <person id="980316">
    <plan selected="yes">
      <act type="h" x="2791317.438530306" y="2310636.9395554448" end_time="04:47:54"/>
      <leg mode="pt"/>
      <act type="w" x="2787679.2458064826" y="2317279.230397413"/>
    </plan>
  </person>
  <person id="41388">
    <plan selected="yes">
      <act type="h" x="2785653.847458693" y="2316334.997437906" end_time="04:50:12"/>
      <leg mode="pt"/>
      <act type="w" x="2789010.3355542803" y="2317738.5696593113"/>
    </plan>
  </person>
  <person id="528002">
    <plan selected="yes">
      <act type="h" x="2788948.946891661" y="2309668.0954095083" end_time="08:28:37"/>
      <leg mode="pt"/>
      <act type="w" x="2786278.9869364686" y="2316153.2050226997"/>
    </plan>
  </person>
  <person id="1375251">
    <plan selected="yes">
      <act type="h" x="2793078.8812810937" y="2318024.1425047256" end_time="08:51:02"/>
      <leg mode="pt"/>
      <act type="w" x="2787879.143985221" y="2314457.774497295"/>
    </plan>
  </person>
  <person id="1372232">
    <plan selected="yes">
      <act type="h" x="2783615.612996828" y="2316539.811297369" end_time="05:02:20"/>
      <leg mode="pt"/>
      <act type="w" x="2793605.6086236844" y="2315903.8317193724"/>
    </plan>
  </person>
  <person id="238133">
    <plan selected="yes">
      <act type="h" x="2788587.7605033144" y="2317737.6512722047" end_time="06:04:59"/>
      <leg mode="pt"/>
      <act type="w" x="2788461.151983943" y="2317779.769412445"/>
    </plan>
  </person>
  <person id="89242">
    <plan selected="yes">
      <act type="h" x="2788883.223905625" y="2317230.520510837" end_time="07:34:40"/>
      <leg mode="pt"/>
      <act type="w" x="2786264.681901015" y="2315759.685241373"/>
    </plan>
  </person>
  <person id="1138969">
    <plan selected="yes">
      <act type="h" x="2793585.6732227225" y="2316940.452179928" end_time="05:43:39"/>
      <leg mode="pt"/>
      <act type="w" x="2787976.6644876366" y="2310978.4844702184"/>
    </plan>
  </person>
  <person id="312325">
    <plan selected="yes">
      <act type="h" x="2789976.243587287" y="2317166.3055113065" end_time="04:24:40"/>
      <leg mode="pt"/>
      <act type="w" x="2784799.7283131727" y="2316232.734170062"/>
    </plan>
  </person>
  <person id="698107">
    <plan selected="yes">
      <act type="h" x="2782869.4100589966" y="2314215.3041425375" end_time="05:19:53"/>
      <leg mode="pt"/>
      <act type="w" x="2791367.657085211" y="2318343.8832232053"/>
    </plan>
  </person>
  <person id="1005462">
    <plan selected="yes">
      <act type="h" x="2788259.098274066" y="2316807.5214270316" end_time="07:26:31"/>
      <leg mode="pt"/>
      <act type="w" x="2789039.9510003803" y="2317566.7343031606"/>
    </plan>
  </person>
  <person id="740711">
    <plan selected="yes">
      <act type="h" x="2783861.3413948314" y="2317146.7319117235" end_time="04:00:44"/>
      <leg mode="pt"/>
      <act type="w" x="2784457.4208439807" y="2314494.8358854232"/>
    </plan>
  </person>
  <person id="720072">
    <plan selected="yes">
      <act type="h" x="2793033.4832630493" y="2314727.236121752" end_time="04:18:58"/>
      <leg mode="pt"/>
      <act type="w" x="2789888.985765189" y="2316157.975717188"/>
    </plan>
  </person>
  <person id="84112">
    <plan selected="yes">
      <act type="h" x="2789858.043405243" y="2317524.236557722" end_time="06:14:08"/>
      <leg mode="pt"/>
      <act type="w" x="2791320.879925268" y="2313236.9911202937"/>
    </plan>
  </person>
  <person id="1217301">
    <plan selected="yes">
      <act type="h" x="2784290.8322781976" y="2314080.272378904" end_time="04:51:22"/>
      <leg mode="pt"/>
      <act type="w" x="2785364.3269196083" y="2312343.971604796"/>
    </plan>
  </person>
  <person id="30031">
    <plan selected="yes">
      <act type="h" x="2787255.3919872977" y="2316352.8527639387" end_time="06:39:33"/>
      <leg mode="pt"/>
      <act type="w" x="2792093.1843195907" y="2314652.862571582"/>
    </plan>
  </person>
  <person id="287762">
    <plan selected="yes">
      <act type="h" x="2793352.030976693" y="2316226.6540829362" end_time="04:32:46"/>
      <leg mode="pt"/>
      <act type="w" x="2788071.3974271575" y="2310511.4788634926"/>
    </plan>
  </person>
  <person id="1289666">
    <plan selected="yes">
      <act type="h" x="2789667.180957485" y="2312480.543014095" end_time="07:19:01"/>
      <leg mode="pt"/>
      <act type="w" x="2781404.341302472" y="2314708.3234897237"/>
    </plan>
  </person>
  <person id="453557">
    <plan selected="yes">
      <act type="h" x="2786724.164898578" y="2309638.442239064" end_time="08:04:08"/>
      <leg mode="pt"/>
      <act type="w" x="2788947.9851154853" y="2315747.557324648"/>
    </plan>
  </person>
  <person id="525411">
    <plan selected="yes">
      <act type="h" x="2786674.662737553" y="2315687.7527684164" end_time="06:59:23"/>
      <leg mode="pt"/>
      <act type="w" x="2788727.224413389" y="2312034.617669264"/>
    </plan>
  </person>
  <person id="1174652">
    <plan selected="yes">
      <act type="h" x="2793823.191685725" y="2315729.4153593313" end_time="05:57:28"/>
      <leg mode="pt"/>
      <act type="w" x="2788063.752389147" y="2314139.3782499423"/>
    </plan>
  </person>
  <person id="280265">
    <plan selected="yes">
      <act type="h" x="2795107.2101888587" y="2314263.935443297" end_time="08:35:43"/>
      <leg mode="pt"/>
      <act type="w" x="2789724.181799514" y="2314577.3154542185"/>
    </plan>
  </person>
  <person id="1345284">
    <plan selected="yes">
      <act type="h" x="2787208.9941604203" y="2313367.022290419" end_time="06:20:07"/>
      <leg mode="pt"/>
      <act type="w" x="2790512.8958637146" y="2315867.4484598273"/>
    </plan>
  </person>
  <person id="757619">
    <plan selected="yes">
      <act type="h" x="2779755.112703722" y="2312551.1904790555" end_time="04:36:13"/>
      <leg mode="pt"/>
      <act type="w" x="2791730.77597621" y="2315282.4156651814"/>
    </plan>
  </person>
  <person id="301053">
    <plan selected="yes">
      <act type="h" x="2789700.7150069065" y="2316847.1838084213" end_time="06:23:52"/>
      <leg mode="pt"/>
      <act type="w" x="2787405.7719924" y="2313301.2284089383"/>
    </plan>
  </person>
  <person id="593416">
    <plan selected="yes">
      <act type="h" x="2789297.0651021954" y="2309585.1192596355" end_time="05:23:17"/>
      <leg mode="pt"/>
      <act type="w" x="2788429.6868853434" y="2312551.47936567"/>
    </plan>
  </person>
  <person id="156540">
    <plan selected="yes">
      <act type="h" x="2791042.9031918393" y="2318260.552254627" end_time="05:51:52"/>
      <leg mode="pt"/>
      <act type="w" x="2787847.3250606554" y="2312317.1689321096"/>
    </plan>
  </person>
  <person id="1192049">
    <plan selected="yes">
      <act type="h" x="2790716.0911564217" y="2315811.8699012436" end_time="06:29:11"/>
      <leg mode="pt"/>
      <act type="w" x="2787944.7262481856" y="2317606.212351921"/>
    </plan>
  </person>
  <person id="19046">
    <plan selected="yes">
      <act type="h" x="2788608.6396676702" y="2317466.6982361646" end_time="06:20:17"/>
      <leg mode="pt"/>
      <act type="w" x="2787487.54363732" y="2316862.613615299"/>
    </plan>
  </person>
  <person id="405508">
    <plan selected="yes">
      <act type="h" x="2791206.603680093" y="2314589.8007517355" end_time="08:45:04"/>
      <leg mode="pt"/>
      <act type="w" x="2783575.6365540614" y="2316322.085727174"/>
    </plan>
  </person>
  <person id="898255">
    <plan selected="yes">
      <act type="h" x="2787405.7719924" y="2313301.2284089383" end_time="07:27:51"/>
      <leg mode="pt"/>
      <act type="w" x="2790960.7586289253" y="2318749.858904538"/>
    </plan>
  </person>
  <person id="952957">
    <plan selected="yes">
      <act type="h" x="2783588.7322857003" y="2316298.8705712836" end_time="04:53:10"/>
      <leg mode="pt"/>
      <act type="w" x="2787771.457545016" y="2314811.409010532"/>
    </plan>
  </person>
  <person id="163503">
    <plan selected="yes">
      <act type="h" x="2787638.518894797" y="2316241.0013421825" end_time="04:42:55"/>
      <leg mode="pt"/>
      <act type="w" x="2789545.887236771" y="2307369.916193215"/>
    </plan>
  </person>
  <person id="1162022">
    <plan selected="yes">
      <act type="h" x="2794080.5695541706" y="2316810.067373596" end_time="05:51:29"/>
      <leg mode="pt"/>
      <act type="w" x="2788989.2209685976" y="2313491.536634397"/>
    </plan>
  </person>
  <person id="265407">
    <plan selected="yes">
      <act type="h" x="2792022.9529421683" y="2316896.582766467" end_time="04:54:55"/>
      <leg mode="pt"/>
      <act type="w" x="2784582.544690824" y="2315547.857102199"/>
    </plan>
  </person>
  <person id="1275229">
    <plan selected="yes">
      <act type="h" x="2789700.7574263215" y="2315824.7605762165" end_time="05:43:14"/>
      <leg mode="pt"/>
      <act type="w" x="2793502.376468704" y="2319818.6236506514"/>
    </plan>
  </person>
  <person id="940980">
    <plan selected="yes">
      <act type="h" x="2789921.2073132237" y="2313711.896473568" end_time="06:22:04"/>
      <leg mode="pt"/>
      <act type="w" x="2794603.602143177" y="2315695.6374449413"/>
    </plan>
  </person>
  <person id="967370">
    <plan selected="yes">
      <act type="h" x="2791670.301895535" y="2313131.622259329" end_time="05:09:53"/>
      <leg mode="pt"/>
      <act type="w" x="2785062.110436966" y="2316112.0887108967"/>
    </plan>
  </person>
  <person id="663348">
    <plan selected="yes">
      <act type="h" x="2793521.594383343" y="2314913.8745373613" end_time="06:32:02"/>
      <leg mode="pt"/>
      <act type="w" x="2780623.7458706484" y="2313730.691607638"/>
    </plan>
  </person>
  <person id="908724">
    <plan selected="yes">
      <act type="h" x="2788774.9492775863" y="2315647.6396443825" end_time="06:53:58"/>
      <leg mode="pt"/>
      <act type="w" x="2786857.361739666" y="2316895.8294218383"/>
    </plan>
  </person>
  <person id="992174">
    <plan selected="yes">
      <act type="h" x="2793657.7290889835" y="2315615.179735683" end_time="05:53:32"/>
      <leg mode="pt"/>
      <act type="w" x="2793809.033677864" y="2316873.5203545503"/>
    </plan>
  </person>
  <person id="732747">
    <plan selected="yes">
      <act type="h" x="2792438.7701363424" y="2319089.5143781705" end_time="08:47:32"/>
      <leg mode="pt"/>
      <act type="w" x="2790511.6640850515" y="2313410.9510052814"/>
    </plan>
  </person>
  <person id="1222990">
    <plan selected="yes">
      <act type="h" x="2787493.807686123" y="2314266.3100357037" end_time="07:11:49"/>
      <leg mode="pt"/>
      <act type="w" x="2790498.8322281856" y="2313264.787028049"/>
    </plan>
  </person>
  <person id="660903">
    <plan selected="yes">
      <act type="h" x="2793105.26412925" y="2315342.6108073294" end_time="08:51:03"/>
      <leg mode="pt"/>
      <act type="w" x="2788935.7250570785" y="2311128.1633304977"/>
    </plan>
  </person>
  <person id="652926">
    <plan selected="yes">
      <act type="h" x="2791427.2244145437" y="2316100.175119797" end_time="07:43:11"/>
      <leg mode="pt"/>
      <act type="w" x="2789227.7128969627" y="2314309.1812368035"/>
    </plan>
  </person>
  <person id="1359800">
    <plan selected="yes">
      <act type="h" x="2787976.6644876366" y="2310978.4844702184" end_time="07:58:53"/>
      <leg mode="pt"/>
      <act type="w" x="2789264.6611284344" y="2316457.302462127"/>
    </plan>
  </person>
</plans>
