<?xml version='1.0' encoding='UTF-8'?>
<vehicleDefinitions xmlns="http://www.matsim.org/files/dtd" xmlns:xsi="http://www.w3.org/2001/XMLSchema-instance" xsi:schemaLocation="http://www.matsim.org/files/dtd http://www.matsim.org/files/dtd/vehicleDefinitions_v1.0.xsd">
  <vehicleType id="bus">
    <description>Ordinary Bus</description>
    <capacity>
      <seats persons="50"/>
      <standingRoom persons="30"/>
    </capacity>
    <length meter="25.0"/>
  </vehicleType>
  <vehicle id="veh_1" type="bus"/>
  <vehicle id="veh_2" type="bus"/>
  <vehicle id="veh_3" type="bus"/>
  <vehicle id="veh_4" type="bus"/>
  <vehicle id="veh_5" type="bus"/>
  <vehicle id="veh_6" type="bus"/>
  <vehicle id="veh_7" type="bus"/>
  <vehicle id="veh_8" type="bus"/>
  <vehicle id="veh_9" type="bus"/>
  <vehicle id="veh_10" type="bus"/>
  <vehicle id="veh_11" type="bus"/>
  <vehicle id="veh_12" type="bus"/>
  <vehicle id="veh_13" type="bus"/>
  <vehicle id="veh_14" type="bus"/>
  <vehicle id="veh_15" type="bus"/>
  <vehicle id="veh_16" type="bus"/>
  <vehicle id="veh_17" type="bus"/>
  <vehicle id="veh_18" type="bus"/>
  <vehicle id="veh_19" type="bus"/>
  <vehicle id="veh_20" type="bus"/>
  <vehicle id="veh_21" type="bus"/>
  <vehicle id="veh_22" type="bus"/>
  <vehicle id="veh_23" type="bus"/>
  <vehicle id="veh_24" type="bus"/>
  <vehicle id="veh_25" type="bus"/>
  <vehicle id="veh_26" type="bus"/>
  <vehicle id="veh_27" type="bus"/>
  <vehicle id="veh_28" type="bus"/>
  <vehicle id="veh_29" type="bus"/>
  <vehicle id="veh_30" type="bus"/>
  <vehicle id="veh_31" type="bus"/>
  <vehicle id="veh_32" type="bus"/>
  <vehicle id="veh_33" type="bus"/>
  <vehicle id="veh_34" type="bus"/>
  <vehicle id="veh_35" type="bus"/>
  <vehicle id="veh_36" type="bus"/>
  <vehicle id="veh_37" type="bus"/>
  <vehicle id="veh_38" type="bus"/>
  <vehicle id="veh_39" type="bus"/>
  <vehicle id="veh_40" type="bus"/>
  <vehicle id="veh_41" type="bus"/>
  <vehicle id="veh_42" type="bus"/>
  <vehicle id="veh_43" type="bus"/>
  <vehicle id="veh_44" type="bus"/>
  <vehicle id="veh_45" type="bus"/>
  <vehicle id="veh_46" type="bus"/>
  <vehicle id="veh_47" type="bus"/>
  <vehicle id="veh_48" type="bus"/>
  <vehicle id="veh_49" type="bus"/>
  <vehicle id="veh_50" type="bus"/>
  <vehicle id="veh_51" type="bus"/>
  <vehicle id="veh_52" type="bus"/>
  <vehicle id="veh_53" type="bus"/>
  <vehicle id="veh_54" type="bus"/>
  <vehicle id="veh_55" type="bus"/>
  <vehicle id="veh_56" type="bus"/>
  <vehicle id="veh_57" type="bus"/>
  <vehicle id="veh_58" type="bus"/>
  <vehicle id="veh_59" type="bus"/>
  <vehicle id="veh_60" type="bus"/>
  <vehicle id="veh_61" type="bus"/>
  <vehicle id="veh_62" type="bus"/>
  <vehicle id="veh_63" type="bus"/>
  <vehicle id="veh_64" type="bus"/>
  <vehicle id="veh_65" type="bus"/>
  <vehicle id="veh_66" type="bus"/>
  <vehicle id="veh_67" type="bus"/>
  <vehicle id="veh_68" type="bus"/>
  <vehicle id="veh_69" type="bus"/>
  <vehicle id="veh_70" type="bus"/>
  <vehicle id="veh_71" type="bus"/>
  <vehicle id="veh_72" type="bus"/>
  <vehicle id="veh_73" type="bus"/>
  <vehicle id="veh_74" type="bus"/>
  <vehicle id="veh_75" type="bus"/>
  <vehicle id="veh_76" type="bus"/>
  <vehicle id="veh_77" type="bus"/>
  <vehicle id="veh_78" type="bus"/>
  <vehicle id="veh_79" type="bus"/>
  <vehicle id="veh_80" type="bus"/>
  <vehicle id="veh_81" type="bus"/>
  <vehicle id="veh_82" type="bus"/>
  <vehicle id="veh_83" type="bus"/>
  <vehicle id="veh_84" type="bus"/>
  <vehicle id="veh_85" type="bus"/>
  <vehicle id="veh_86" type="bus"/>
  <vehicle id="veh_87" type="bus"/>
  <vehicle id="veh_88" type="bus"/>
  <vehicle id="veh_89" type="bus"/>
  <vehicle id="veh_90" type="bus"/>
  <vehicle id="veh_91" type="bus"/>
  <vehicle id="veh_92" type="bus"/>
  <vehicle id="veh_93" type="bus"/>
  <vehicle id="veh_94" type="bus"/>
  <vehicle id="veh_95" type="bus"/>
  <vehicle id="veh_96" type="bus"/>
  <vehicle id="veh_97" type="bus"/>
  <vehicle id="veh_98" type="bus"/>
  <vehicle id="veh_99" type="bus"/>
  <vehicle id="veh_100" type="bus"/>
  <vehicle id="veh_101" type="bus"/>
  <vehicle id="veh_102" type="bus"/>
  <vehicle id="veh_103" type="bus"/>
  <vehicle id="veh_104" type="bus"/>
  <vehicle id="veh_105" type="bus"/>
  <vehicle id="veh_106" type="bus"/>
  <vehicle id="veh_107" type="bus"/>
  <vehicle id="veh_108" type="bus"/>
  <vehicle id="veh_109" type="bus"/>
  <vehicle id="veh_110" type="bus"/>
  <vehicle id="veh_111" type="bus"/>
  <vehicle id="veh_112" type="bus"/>
  <vehicle id="veh_113" type="bus"/>
  <vehicle id="veh_114" type="bus"/>
  <vehicle id="veh_115" type="bus"/>
  <vehicle id="veh_116" type="bus"/>
  <vehicle id="veh_117" type="bus"/>
  <vehicle id="veh_118" type="bus"/>
  <vehicle id="veh_119" type="bus"/>
  <vehicle id="veh_120" type="bus"/>
  <vehicle id="veh_121" type="bus"/>
  <vehicle id="veh_122" type="bus"/>
  <vehicle id="veh_123" type="bus"/>
  <vehicle id="veh_124" type="bus"/>
  <vehicle id="veh_125" type="bus"/>
  <vehicle id="veh_126" type="bus"/>
  <vehicle id="veh_127" type="bus"/>
  <vehicle id="veh_128" type="bus"/>
  <vehicle id="veh_129" type="bus"/>
  <vehicle id="veh_130" type="bus"/>
  <vehicle id="veh_131" type="bus"/>
  <vehicle id="veh_132" type="bus"/>
  <vehicle id="veh_133" type="bus"/>
  <vehicle id="veh_134" type="bus"/>
  <vehicle id="veh_135" type="bus"/>
  <vehicle id="veh_136" type="bus"/>
  <vehicle id="veh_137" type="bus"/>
  <vehicle id="veh_138" type="bus"/>
  <vehicle id="veh_139" type="bus"/>
  <vehicle id="veh_140" type="bus"/>
  <vehicle id="veh_141" type="bus"/>
  <vehicle id="veh_142" type="bus"/>
  <vehicle id="veh_143" type="bus"/>
  <vehicle id="veh_144" type="bus"/>
  <vehicle id="veh_145" type="bus"/>
  <vehicle id="veh_146" type="bus"/>
  <vehicle id="veh_147" type="bus"/>
  <vehicle id="veh_148" type="bus"/>
  <vehicle id="veh_149" type="bus"/>
  <vehicle id="veh_150" type="bus"/>
  <vehicle id="veh_151" type="bus"/>
  <vehicle id="veh_152" type="bus"/>
  <vehicle id="veh_153" type="bus"/>
  <vehicle id="veh_154" type="bus"/>
  <vehicle id="veh_155" type="bus"/>
  <vehicle id="veh_156" type="bus"/>
  <vehicle id="veh_157" type="bus"/>
  <vehicle id="veh_158" type="bus"/>
  <vehicle id="veh_159" type="bus"/>
  <vehicle id="veh_160" type="bus"/>
  <vehicle id="veh_161" type="bus"/>
  <vehicle id="veh_162" type="bus"/>
  <vehicle id="veh_163" type="bus"/>
  <vehicle id="veh_164" type="bus"/>
  <vehicle id="veh_165" type="bus"/>
  <vehicle id="veh_166" type="bus"/>
  <vehicle id="veh_167" type="bus"/>
  <vehicle id="veh_168" type="bus"/>
  <vehicle id="veh_169" type="bus"/>
  <vehicle id="veh_170" type="bus"/>
  <vehicle id="veh_171" type="bus"/>
  <vehicle id="veh_172" type="bus"/>
  <vehicle id="veh_173" type="bus"/>
  <vehicle id="veh_174" type="bus"/>
  <vehicle id="veh_175" type="bus"/>
  <vehicle id="veh_176" type="bus"/>
  <vehicle id="veh_177" type="bus"/>
  <vehicle id="veh_178" type="bus"/>
  <vehicle id="veh_179" type="bus"/>
  <vehicle id="veh_180" type="bus"/>
  <vehicle id="veh_181" type="bus"/>
  <vehicle id="veh_182" type="bus"/>
  <vehicle id="veh_183" type="bus"/>
  <vehicle id="veh_184" type="bus"/>
  <vehicle id="veh_185" type="bus"/>
  <vehicle id="veh_186" type="bus"/>
  <vehicle id="veh_187" type="bus"/>
  <vehicle id="veh_188" type="bus"/>
  <vehicle id="veh_189" type="bus"/>
  <vehicle id="veh_190" type="bus"/>
  <vehicle id="veh_191" type="bus"/>
  <vehicle id="veh_192" type="bus"/>
  <vehicle id="veh_193" type="bus"/>
  <vehicle id="veh_194" type="bus"/>
  <vehicle id="veh_195" type="bus"/>
  <vehicle id="veh_196" type="bus"/>
  <vehicle id="veh_197" type="bus"/>
  <vehicle id="veh_198" type="bus"/>
  <vehicle id="veh_199" type="bus"/>
  <vehicle id="veh_200" type="bus"/>
  <vehicle id="veh_201" type="bus"/>
  <vehicle id="veh_202" type="bus"/>
  <vehicle id="veh_203" type="bus"/>
  <vehicle id="veh_204" type="bus"/>
  <vehicle id="veh_205" type="bus"/>
  <vehicle id="veh_206" type="bus"/>
  <vehicle id="veh_207" type="bus"/>
  <vehicle id="veh_208" type="bus"/>
  <vehicle id="veh_209" type="bus"/>
  <vehicle id="veh_210" type="bus"/>
  <vehicle id="veh_211" type="bus"/>
  <vehicle id="veh_212" type="bus"/>
  <vehicle id="veh_213" type="bus"/>
  <vehicle id="veh_214" type="bus"/>
  <vehicle id="veh_215" type="bus"/>
  <vehicle id="veh_216" type="bus"/>
  <vehicle id="veh_217" type="bus"/>
  <vehicle id="veh_218" type="bus"/>
  <vehicle id="veh_219" type="bus"/>
  <vehicle id="veh_220" type="bus"/>
  <vehicle id="veh_221" type="bus"/>
  <vehicle id="veh_222" type="bus"/>
  <vehicle id="veh_223" type="bus"/>
  <vehicle id="veh_224" type="bus"/>
  <vehicle id="veh_225" type="bus"/>
  <vehicle id="veh_226" type="bus"/>
  <vehicle id="veh_227" type="bus"/>
  <vehicle id="veh_228" type="bus"/>
  <vehicle id="veh_229" type="bus"/>
  <vehicle id="veh_230" type="bus"/>
  <vehicle id="veh_231" type="bus"/>
  <vehicle id="veh_232" type="bus"/>
  <vehicle id="veh_233" type="bus"/>
  <vehicle id="veh_234" type="bus"/>
  <vehicle id="veh_235" type="bus"/>
  <vehicle id="veh_236" type="bus"/>
  <vehicle id="veh_237" type="bus"/>
  <vehicle id="veh_238" type="bus"/>
  <vehicle id="veh_239" type="bus"/>
  <vehicle id="veh_240" type="bus"/>
  <vehicle id="veh_241" type="bus"/>
  <vehicle id="veh_242" type="bus"/>
  <vehicle id="veh_243" type="bus"/>
  <vehicle id="veh_244" type="bus"/>
  <vehicle id="veh_245" type="bus"/>
  <vehicle id="veh_246" type="bus"/>
  <vehicle id="veh_247" type="bus"/>
  <vehicle id="veh_248" type="bus"/>
  <vehicle id="veh_249" type="bus"/>
  <vehicle id="veh_250" type="bus"/>
  <vehicle id="veh_251" type="bus"/>
  <vehicle id="veh_252" type="bus"/>
  <vehicle id="veh_253" type="bus"/>
  <vehicle id="veh_254" type="bus"/>
  <vehicle id="veh_255" type="bus"/>
  <vehicle id="veh_256" type="bus"/>
  <vehicle id="veh_257" type="bus"/>
  <vehicle id="veh_258" type="bus"/>
  <vehicle id="veh_259" type="bus"/>
  <vehicle id="veh_260" type="bus"/>
  <vehicle id="veh_261" type="bus"/>
  <vehicle id="veh_262" type="bus"/>
  <vehicle id="veh_263" type="bus"/>
  <vehicle id="veh_264" type="bus"/>
  <vehicle id="veh_265" type="bus"/>
  <vehicle id="veh_266" type="bus"/>
  <vehicle id="veh_267" type="bus"/>
  <vehicle id="veh_268" type="bus"/>
  <vehicle id="veh_269" type="bus"/>
  <vehicle id="veh_270" type="bus"/>
  <vehicle id="veh_271" type="bus"/>
  <vehicle id="veh_272" type="bus"/>
  <vehicle id="veh_273" type="bus"/>
  <vehicle id="veh_274" type="bus"/>
  <vehicle id="veh_275" type="bus"/>
  <vehicle id="veh_276" type="bus"/>
  <vehicle id="veh_277" type="bus"/>
  <vehicle id="veh_278" type="bus"/>
  <vehicle id="veh_279" type="bus"/>
  <vehicle id="veh_280" type="bus"/>
  <vehicle id="veh_281" type="bus"/>
  <vehicle id="veh_282" type="bus"/>
  <vehicle id="veh_283" type="bus"/>
  <vehicle id="veh_284" type="bus"/>
  <vehicle id="veh_285" type="bus"/>
  <vehicle id="veh_286" type="bus"/>
  <vehicle id="veh_287" type="bus"/>
  <vehicle id="veh_288" type="bus"/>
  <vehicle id="veh_289" type="bus"/>
  <vehicle id="veh_290" type="bus"/>
  <vehicle id="veh_291" type="bus"/>
  <vehicle id="veh_292" type="bus"/>
  <vehicle id="veh_293" type="bus"/>
  <vehicle id="veh_294" type="bus"/>
  <vehicle id="veh_295" type="bus"/>
  <vehicle id="veh_296" type="bus"/>
  <vehicle id="veh_297" type="bus"/>
  <vehicle id="veh_298" type="bus"/>
  <vehicle id="veh_299" type="bus"/>
  <vehicle id="veh_300" type="bus"/>
  <vehicle id="veh_301" type="bus"/>
  <vehicle id="veh_302" type="bus"/>
  <vehicle id="veh_303" type="bus"/>
  <vehicle id="veh_304" type="bus"/>
  <vehicle id="veh_305" type="bus"/>
  <vehicle id="veh_306" type="bus"/>
  <vehicle id="veh_307" type="bus"/>
  <vehicle id="veh_308" type="bus"/>
  <vehicle id="veh_309" type="bus"/>
  <vehicle id="veh_310" type="bus"/>
  <vehicle id="veh_311" type="bus"/>
  <vehicle id="veh_312" type="bus"/>
  <vehicle id="veh_313" type="bus"/>
  <vehicle id="veh_314" type="bus"/>
  <vehicle id="veh_315" type="bus"/>
  <vehicle id="veh_316" type="bus"/>
  <vehicle id="veh_317" type="bus"/>
  <vehicle id="veh_318" type="bus"/>
  <vehicle id="veh_319" type="bus"/>
  <vehicle id="veh_320" type="bus"/>
  <vehicle id="veh_321" type="bus"/>
  <vehicle id="veh_322" type="bus"/>
  <vehicle id="veh_323" type="bus"/>
  <vehicle id="veh_324" type="bus"/>
  <vehicle id="veh_325" type="bus"/>
  <vehicle id="veh_326" type="bus"/>
  <vehicle id="veh_327" type="bus"/>
  <vehicle id="veh_328" type="bus"/>
  <vehicle id="veh_329" type="bus"/>
  <vehicle id="veh_330" type="bus"/>
  <vehicle id="veh_331" type="bus"/>
  <vehicle id="veh_332" type="bus"/>
  <vehicle id="veh_333" type="bus"/>
  <vehicle id="veh_334" type="bus"/>
  <vehicle id="veh_335" type="bus"/>
  <vehicle id="veh_336" type="bus"/>
  <vehicle id="veh_337" type="bus"/>
  <vehicle id="veh_338" type="bus"/>
  <vehicle id="veh_339" type="bus"/>
  <vehicle id="veh_340" type="bus"/>
  <vehicle id="veh_341" type="bus"/>
  <vehicle id="veh_342" type="bus"/>
  <vehicle id="veh_343" type="bus"/>
  <vehicle id="veh_344" type="bus"/>
  <vehicle id="veh_345" type="bus"/>
  <vehicle id="veh_346" type="bus"/>
  <vehicle id="veh_347" type="bus"/>
  <vehicle id="veh_348" type="bus"/>
  <vehicle id="veh_349" type="bus"/>
  <vehicle id="veh_350" type="bus"/>
  <vehicle id="veh_351" type="bus"/>
  <vehicle id="veh_352" type="bus"/>
  <vehicle id="veh_353" type="bus"/>
  <vehicle id="veh_354" type="bus"/>
  <vehicle id="veh_355" type="bus"/>
  <vehicle id="veh_356" type="bus"/>
  <vehicle id="veh_357" type="bus"/>
  <vehicle id="veh_358" type="bus"/>
  <vehicle id="veh_359" type="bus"/>
  <vehicle id="veh_360" type="bus"/>
  <vehicle id="veh_361" type="bus"/>
  <vehicle id="veh_362" type="bus"/>
  <vehicle id="veh_363" type="bus"/>
  <vehicle id="veh_364" type="bus"/>
  <vehicle id="veh_365" type="bus"/>
  <vehicle id="veh_366" type="bus"/>
  <vehicle id="veh_367" type="bus"/>
  <vehicle id="veh_368" type="bus"/>
  <vehicle id="veh_369" type="bus"/>
  <vehicle id="veh_370" type="bus"/>
  <vehicle id="veh_371" type="bus"/>
  <vehicle id="veh_372" type="bus"/>
  <vehicle id="veh_373" type="bus"/>
  <vehicle id="veh_374" type="bus"/>
  <vehicle id="veh_375" type="bus"/>
  <vehicle id="veh_376" type="bus"/>
  <vehicle id="veh_377" type="bus"/>
  <vehicle id="veh_378" type="bus"/>
  <vehicle id="veh_379" type="bus"/>
  <vehicle id="veh_380" type="bus"/>
  <vehicle id="veh_381" type="bus"/>
  <vehicle id="veh_382" type="bus"/>
  <vehicle id="veh_383" type="bus"/>
  <vehicle id="veh_384" type="bus"/>
  <vehicle id="veh_385" type="bus"/>
  <vehicle id="veh_386" type="bus"/>
  <vehicle id="veh_387" type="bus"/>
  <vehicle id="veh_388" type="bus"/>
  <vehicle id="veh_389" type="bus"/>
  <vehicle id="veh_390" type="bus"/>
  <vehicle id="veh_391" type="bus"/>
  <vehicle id="veh_392" type="bus"/>
  <vehicle id="veh_393" type="bus"/>
  <vehicle id="veh_394" type="bus"/>
  <vehicle id="veh_395" type="bus"/>
  <vehicle id="veh_396" type="bus"/>
  <vehicle id="veh_397" type="bus"/>
  <vehicle id="veh_398" type="bus"/>
  <vehicle id="veh_399" type="bus"/>
  <vehicle id="veh_400" type="bus"/>
  <vehicle id="veh_401" type="bus"/>
  <vehicle id="veh_402" type="bus"/>
  <vehicle id="veh_403" type="bus"/>
  <vehicle id="veh_404" type="bus"/>
  <vehicle id="veh_405" type="bus"/>
  <vehicle id="veh_406" type="bus"/>
  <vehicle id="veh_407" type="bus"/>
  <vehicle id="veh_408" type="bus"/>
  <vehicle id="veh_409" type="bus"/>
  <vehicle id="veh_410" type="bus"/>
  <vehicle id="veh_411" type="bus"/>
  <vehicle id="veh_412" type="bus"/>
  <vehicle id="veh_413" type="bus"/>
  <vehicle id="veh_414" type="bus"/>
  <vehicle id="veh_415" type="bus"/>
  <vehicle id="veh_416" type="bus"/>
  <vehicle id="veh_417" type="bus"/>
  <vehicle id="veh_418" type="bus"/>
  <vehicle id="veh_419" type="bus"/>
  <vehicle id="veh_420" type="bus"/>
  <vehicle id="veh_421" type="bus"/>
  <vehicle id="veh_422" type="bus"/>
  <vehicle id="veh_423" type="bus"/>
  <vehicle id="veh_424" type="bus"/>
  <vehicle id="veh_425" type="bus"/>
  <vehicle id="veh_426" type="bus"/>
  <vehicle id="veh_427" type="bus"/>
  <vehicle id="veh_428" type="bus"/>
  <vehicle id="veh_429" type="bus"/>
  <vehicle id="veh_430" type="bus"/>
  <vehicle id="veh_431" type="bus"/>
  <vehicle id="veh_432" type="bus"/>
  <vehicle id="veh_433" type="bus"/>
  <vehicle id="veh_434" type="bus"/>
  <vehicle id="veh_435" type="bus"/>
  <vehicle id="veh_436" type="bus"/>
  <vehicle id="veh_437" type="bus"/>
  <vehicle id="veh_438" type="bus"/>
  <vehicle id="veh_439" type="bus"/>
  <vehicle id="veh_440" type="bus"/>
  <vehicle id="veh_441" type="bus"/>
  <vehicle id="veh_442" type="bus"/>
  <vehicle id="veh_443" type="bus"/>
  <vehicle id="veh_444" type="bus"/>
  <vehicle id="veh_445" type="bus"/>
  <vehicle id="veh_446" type="bus"/>
  <vehicle id="veh_447" type="bus"/>
  <vehicle id="veh_448" type="bus"/>
  <vehicle id="veh_449" type="bus"/>
  <vehicle id="veh_450" type="bus"/>
  <vehicle id="veh_451" type="bus"/>
  <vehicle id="veh_452" type="bus"/>
  <vehicle id="veh_453" type="bus"/>
  <vehicle id="veh_454" type="bus"/>
  <vehicle id="veh_455" type="bus"/>
  <vehicle id="veh_456" type="bus"/>
  <vehicle id="veh_457" type="bus"/>
  <vehicle id="veh_458" type="bus"/>
  <vehicle id="veh_459" type="bus"/>
  <vehicle id="veh_460" type="bus"/>
  <vehicle id="veh_461" type="bus"/>
  <vehicle id="veh_462" type="bus"/>
  <vehicle id="veh_463" type="bus"/>
  <vehicle id="veh_464" type="bus"/>
  <vehicle id="veh_465" type="bus"/>
  <vehicle id="veh_466" type="bus"/>
  <vehicle id="veh_467" type="bus"/>
  <vehicle id="veh_468" type="bus"/>
  <vehicle id="veh_469" type="bus"/>
  <vehicle id="veh_470" type="bus"/>
  <vehicle id="veh_471" type="bus"/>
  <vehicle id="veh_472" type="bus"/>
  <vehicle id="veh_473" type="bus"/>
  <vehicle id="veh_474" type="bus"/>
  <vehicle id="veh_475" type="bus"/>
  <vehicle id="veh_476" type="bus"/>
  <vehicle id="veh_477" type="bus"/>
  <vehicle id="veh_478" type="bus"/>
  <vehicle id="veh_479" type="bus"/>
  <vehicle id="veh_480" type="bus"/>
  <vehicle id="veh_481" type="bus"/>
  <vehicle id="veh_482" type="bus"/>
  <vehicle id="veh_483" type="bus"/>
  <vehicle id="veh_484" type="bus"/>
  <vehicle id="veh_485" type="bus"/>
  <vehicle id="veh_486" type="bus"/>
  <vehicle id="veh_487" type="bus"/>
  <vehicle id="veh_488" type="bus"/>
  <vehicle id="veh_489" type="bus"/>
  <vehicle id="veh_490" type="bus"/>
  <vehicle id="veh_491" type="bus"/>
  <vehicle id="veh_492" type="bus"/>
  <vehicle id="veh_493" type="bus"/>
  <vehicle id="veh_494" type="bus"/>
  <vehicle id="veh_495" type="bus"/>
  <vehicle id="veh_496" type="bus"/>
  <vehicle id="veh_497" type="bus"/>
  <vehicle id="veh_498" type="bus"/>
  <vehicle id="veh_499" type="bus"/>
  <vehicle id="veh_500" type="bus"/>
  <vehicle id="veh_501" type="bus"/>
  <vehicle id="veh_502" type="bus"/>
  <vehicle id="veh_503" type="bus"/>
  <vehicle id="veh_504" type="bus"/>
  <vehicle id="veh_505" type="bus"/>
  <vehicle id="veh_506" type="bus"/>
  <vehicle id="veh_507" type="bus"/>
  <vehicle id="veh_508" type="bus"/>
  <vehicle id="veh_509" type="bus"/>
  <vehicle id="veh_510" type="bus"/>
  <vehicle id="veh_511" type="bus"/>
  <vehicle id="veh_512" type="bus"/>
  <vehicle id="veh_513" type="bus"/>
  <vehicle id="veh_514" type="bus"/>
  <vehicle id="veh_515" type="bus"/>
  <vehicle id="veh_516" type="bus"/>
  <vehicle id="veh_517" type="bus"/>
  <vehicle id="veh_518" type="bus"/>
  <vehicle id="veh_519" type="bus"/>
  <vehicle id="veh_520" type="bus"/>
  <vehicle id="veh_521" type="bus"/>
  <vehicle id="veh_522" type="bus"/>
  <vehicle id="veh_523" type="bus"/>
  <vehicle id="veh_524" type="bus"/>
  <vehicle id="veh_525" type="bus"/>
  <vehicle id="veh_526" type="bus"/>
  <vehicle id="veh_527" type="bus"/>
  <vehicle id="veh_528" type="bus"/>
  <vehicle id="veh_529" type="bus"/>
  <vehicle id="veh_530" type="bus"/>
  <vehicle id="veh_531" type="bus"/>
  <vehicle id="veh_532" type="bus"/>
  <vehicle id="veh_533" type="bus"/>
  <vehicle id="veh_534" type="bus"/>
  <vehicle id="veh_535" type="bus"/>
  <vehicle id="veh_536" type="bus"/>
  <vehicle id="veh_537" type="bus"/>
  <vehicle id="veh_538" type="bus"/>
  <vehicle id="veh_539" type="bus"/>
  <vehicle id="veh_540" type="bus"/>
  <vehicle id="veh_541" type="bus"/>
  <vehicle id="veh_542" type="bus"/>
  <vehicle id="veh_543" type="bus"/>
  <vehicle id="veh_544" type="bus"/>
  <vehicle id="veh_545" type="bus"/>
  <vehicle id="veh_546" type="bus"/>
  <vehicle id="veh_547" type="bus"/>
  <vehicle id="veh_548" type="bus"/>
  <vehicle id="veh_549" type="bus"/>
  <vehicle id="veh_550" type="bus"/>
  <vehicle id="veh_551" type="bus"/>
  <vehicle id="veh_552" type="bus"/>
  <vehicle id="veh_553" type="bus"/>
  <vehicle id="veh_554" type="bus"/>
  <vehicle id="veh_555" type="bus"/>
  <vehicle id="veh_556" type="bus"/>
  <vehicle id="veh_557" type="bus"/>
  <vehicle id="veh_558" type="bus"/>
  <vehicle id="veh_559" type="bus"/>
  <vehicle id="veh_560" type="bus"/>
  <vehicle id="veh_561" type="bus"/>
  <vehicle id="veh_562" type="bus"/>
  <vehicle id="veh_563" type="bus"/>
  <vehicle id="veh_564" type="bus"/>
  <vehicle id="veh_565" type="bus"/>
  <vehicle id="veh_566" type="bus"/>
  <vehicle id="veh_567" type="bus"/>
  <vehicle id="veh_568" type="bus"/>
  <vehicle id="veh_569" type="bus"/>
  <vehicle id="veh_570" type="bus"/>
  <vehicle id="veh_571" type="bus"/>
  <vehicle id="veh_572" type="bus"/>
  <vehicle id="veh_573" type="bus"/>
  <vehicle id="veh_574" type="bus"/>
  <vehicle id="veh_575" type="bus"/>
  <vehicle id="veh_576" type="bus"/>
  <vehicle id="veh_577" type="bus"/>
  <vehicle id="veh_578" type="bus"/>
  <vehicle id="veh_579" type="bus"/>
  <vehicle id="veh_580" type="bus"/>
  <vehicle id="veh_581" type="bus"/>
  <vehicle id="veh_582" type="bus"/>
  <vehicle id="veh_583" type="bus"/>
  <vehicle id="veh_584" type="bus"/>
  <vehicle id="veh_585" type="bus"/>
  <vehicle id="veh_586" type="bus"/>
  <vehicle id="veh_587" type="bus"/>
  <vehicle id="veh_588" type="bus"/>
  <vehicle id="veh_589" type="bus"/>
  <vehicle id="veh_590" type="bus"/>
  <vehicle id="veh_591" type="bus"/>
  <vehicle id="veh_592" type="bus"/>
  <vehicle id="veh_593" type="bus"/>
  <vehicle id="veh_594" type="bus"/>
  <vehicle id="veh_595" type="bus"/>
  <vehicle id="veh_596" type="bus"/>
  <vehicle id="veh_597" type="bus"/>
  <vehicle id="veh_598" type="bus"/>
  <vehicle id="veh_599" type="bus"/>
  <vehicle id="veh_600" type="bus"/>
  <vehicle id="veh_601" type="bus"/>
  <vehicle id="veh_602" type="bus"/>
  <vehicle id="veh_603" type="bus"/>
  <vehicle id="veh_604" type="bus"/>
  <vehicle id="veh_605" type="bus"/>
  <vehicle id="veh_606" type="bus"/>
  <vehicle id="veh_607" type="bus"/>
  <vehicle id="veh_608" type="bus"/>
  <vehicle id="veh_609" type="bus"/>
  <vehicle id="veh_610" type="bus"/>
  <vehicle id="veh_611" type="bus"/>
  <vehicle id="veh_612" type="bus"/>
  <vehicle id="veh_613" type="bus"/>
  <vehicle id="veh_614" type="bus"/>
  <vehicle id="veh_615" type="bus"/>
  <vehicle id="veh_616" type="bus"/>
  <vehicle id="veh_617" type="bus"/>
  <vehicle id="veh_618" type="bus"/>
  <vehicle id="veh_619" type="bus"/>
  <vehicle id="veh_620" type="bus"/>
  <vehicle id="veh_621" type="bus"/>
  <vehicle id="veh_622" type="bus"/>
  <vehicle id="veh_623" type="bus"/>
  <vehicle id="veh_624" type="bus"/>
  <vehicle id="veh_625" type="bus"/>
  <vehicle id="veh_626" type="bus"/>
  <vehicle id="veh_627" type="bus"/>
  <vehicle id="veh_628" type="bus"/>
  <vehicle id="veh_629" type="bus"/>
  <vehicle id="veh_630" type="bus"/>
  <vehicle id="veh_631" type="bus"/>
  <vehicle id="veh_632" type="bus"/>
  <vehicle id="veh_633" type="bus"/>
  <vehicle id="veh_634" type="bus"/>
  <vehicle id="veh_635" type="bus"/>
  <vehicle id="veh_636" type="bus"/>
  <vehicle id="veh_637" type="bus"/>
  <vehicle id="veh_638" type="bus"/>
  <vehicle id="veh_639" type="bus"/>
  <vehicle id="veh_640" type="bus"/>
  <vehicle id="veh_641" type="bus"/>
  <vehicle id="veh_642" type="bus"/>
  <vehicle id="veh_643" type="bus"/>
  <vehicle id="veh_644" type="bus"/>
  <vehicle id="veh_645" type="bus"/>
  <vehicle id="veh_646" type="bus"/>
  <vehicle id="veh_647" type="bus"/>
  <vehicle id="veh_648" type="bus"/>
  <vehicle id="veh_649" type="bus"/>
  <vehicle id="veh_650" type="bus"/>
  <vehicle id="veh_651" type="bus"/>
  <vehicle id="veh_652" type="bus"/>
  <vehicle id="veh_653" type="bus"/>
  <vehicle id="veh_654" type="bus"/>
  <vehicle id="veh_655" type="bus"/>
  <vehicle id="veh_656" type="bus"/>
  <vehicle id="veh_657" type="bus"/>
  <vehicle id="veh_658" type="bus"/>
  <vehicle id="veh_659" type="bus"/>
  <vehicle id="veh_660" type="bus"/>
  <vehicle id="veh_661" type="bus"/>
  <vehicle id="veh_662" type="bus"/>
  <vehicle id="veh_663" type="bus"/>
  <vehicle id="veh_664" type="bus"/>
  <vehicle id="veh_665" type="bus"/>
  <vehicle id="veh_666" type="bus"/>
  <vehicle id="veh_667" type="bus"/>
  <vehicle id="veh_668" type="bus"/>
  <vehicle id="veh_669" type="bus"/>
  <vehicle id="veh_670" type="bus"/>
  <vehicle id="veh_671" type="bus"/>
  <vehicle id="veh_672" type="bus"/>
  <vehicle id="veh_673" type="bus"/>
  <vehicle id="veh_674" type="bus"/>
  <vehicle id="veh_675" type="bus"/>
  <vehicle id="veh_676" type="bus"/>
  <vehicle id="veh_677" type="bus"/>
  <vehicle id="veh_678" type="bus"/>
  <vehicle id="veh_679" type="bus"/>
  <vehicle id="veh_680" type="bus"/>
  <vehicle id="veh_681" type="bus"/>
  <vehicle id="veh_682" type="bus"/>
  <vehicle id="veh_683" type="bus"/>
  <vehicle id="veh_684" type="bus"/>
  <vehicle id="veh_685" type="bus"/>
  <vehicle id="veh_686" type="bus"/>
  <vehicle id="veh_687" type="bus"/>
  <vehicle id="veh_688" type="bus"/>
  <vehicle id="veh_689" type="bus"/>
  <vehicle id="veh_690" type="bus"/>
  <vehicle id="veh_691" type="bus"/>
  <vehicle id="veh_692" type="bus"/>
  <vehicle id="veh_693" type="bus"/>
  <vehicle id="veh_694" type="bus"/>
  <vehicle id="veh_695" type="bus"/>
  <vehicle id="veh_696" type="bus"/>
  <vehicle id="veh_697" type="bus"/>
  <vehicle id="veh_698" type="bus"/>
  <vehicle id="veh_699" type="bus"/>
  <vehicle id="veh_700" type="bus"/>
  <vehicle id="veh_701" type="bus"/>
  <vehicle id="veh_702" type="bus"/>
  <vehicle id="veh_703" type="bus"/>
  <vehicle id="veh_704" type="bus"/>
  <vehicle id="veh_705" type="bus"/>
  <vehicle id="veh_706" type="bus"/>
  <vehicle id="veh_707" type="bus"/>
  <vehicle id="veh_708" type="bus"/>
  <vehicle id="veh_709" type="bus"/>
  <vehicle id="veh_710" type="bus"/>
  <vehicle id="veh_711" type="bus"/>
  <vehicle id="veh_712" type="bus"/>
  <vehicle id="veh_713" type="bus"/>
  <vehicle id="veh_714" type="bus"/>
  <vehicle id="veh_715" type="bus"/>
  <vehicle id="veh_716" type="bus"/>
  <vehicle id="veh_717" type="bus"/>
  <vehicle id="veh_718" type="bus"/>
  <vehicle id="veh_719" type="bus"/>
  <vehicle id="veh_720" type="bus"/>
  <vehicle id="veh_721" type="bus"/>
  <vehicle id="veh_722" type="bus"/>
  <vehicle id="veh_723" type="bus"/>
  <vehicle id="veh_724" type="bus"/>
  <vehicle id="veh_725" type="bus"/>
  <vehicle id="veh_726" type="bus"/>
  <vehicle id="veh_727" type="bus"/>
  <vehicle id="veh_728" type="bus"/>
  <vehicle id="veh_729" type="bus"/>
  <vehicle id="veh_730" type="bus"/>
  <vehicle id="veh_731" type="bus"/>
  <vehicle id="veh_732" type="bus"/>
  <vehicle id="veh_733" type="bus"/>
  <vehicle id="veh_734" type="bus"/>
  <vehicle id="veh_735" type="bus"/>
  <vehicle id="veh_736" type="bus"/>
  <vehicle id="veh_737" type="bus"/>
  <vehicle id="veh_738" type="bus"/>
  <vehicle id="veh_739" type="bus"/>
  <vehicle id="veh_740" type="bus"/>
  <vehicle id="veh_741" type="bus"/>
  <vehicle id="veh_742" type="bus"/>
  <vehicle id="veh_743" type="bus"/>
  <vehicle id="veh_744" type="bus"/>
  <vehicle id="veh_745" type="bus"/>
  <vehicle id="veh_746" type="bus"/>
  <vehicle id="veh_747" type="bus"/>
  <vehicle id="veh_748" type="bus"/>
  <vehicle id="veh_749" type="bus"/>
  <vehicle id="veh_750" type="bus"/>
  <vehicle id="veh_751" type="bus"/>
  <vehicle id="veh_752" type="bus"/>
  <vehicle id="veh_753" type="bus"/>
  <vehicle id="veh_754" type="bus"/>
  <vehicle id="veh_755" type="bus"/>
  <vehicle id="veh_756" type="bus"/>
  <vehicle id="veh_757" type="bus"/>
  <vehicle id="veh_758" type="bus"/>
  <vehicle id="veh_759" type="bus"/>
  <vehicle id="veh_760" type="bus"/>
  <vehicle id="veh_761" type="bus"/>
  <vehicle id="veh_762" type="bus"/>
  <vehicle id="veh_763" type="bus"/>
  <vehicle id="veh_764" type="bus"/>
  <vehicle id="veh_765" type="bus"/>
  <vehicle id="veh_766" type="bus"/>
  <vehicle id="veh_767" type="bus"/>
  <vehicle id="veh_768" type="bus"/>
  <vehicle id="veh_769" type="bus"/>
  <vehicle id="veh_770" type="bus"/>
  <vehicle id="veh_771" type="bus"/>
  <vehicle id="veh_772" type="bus"/>
  <vehicle id="veh_773" type="bus"/>
  <vehicle id="veh_774" type="bus"/>
  <vehicle id="veh_775" type="bus"/>
  <vehicle id="veh_776" type="bus"/>
  <vehicle id="veh_777" type="bus"/>
  <vehicle id="veh_778" type="bus"/>
  <vehicle id="veh_779" type="bus"/>
  <vehicle id="veh_780" type="bus"/>
  <vehicle id="veh_781" type="bus"/>
  <vehicle id="veh_782" type="bus"/>
  <vehicle id="veh_783" type="bus"/>
  <vehicle id="veh_784" type="bus"/>
  <vehicle id="veh_785" type="bus"/>
  <vehicle id="veh_786" type="bus"/>
  <vehicle id="veh_787" type="bus"/>
  <vehicle id="veh_788" type="bus"/>
  <vehicle id="veh_789" type="bus"/>
  <vehicle id="veh_790" type="bus"/>
  <vehicle id="veh_791" type="bus"/>
  <vehicle id="veh_792" type="bus"/>
  <vehicle id="veh_793" type="bus"/>
  <vehicle id="veh_794" type="bus"/>
  <vehicle id="veh_795" type="bus"/>
  <vehicle id="veh_796" type="bus"/>
  <vehicle id="veh_797" type="bus"/>
  <vehicle id="veh_798" type="bus"/>
  <vehicle id="veh_799" type="bus"/>
  <vehicle id="veh_800" type="bus"/>
  <vehicle id="veh_801" type="bus"/>
  <vehicle id="veh_802" type="bus"/>
  <vehicle id="veh_803" type="bus"/>
  <vehicle id="veh_804" type="bus"/>
  <vehicle id="veh_805" type="bus"/>
  <vehicle id="veh_806" type="bus"/>
  <vehicle id="veh_807" type="bus"/>
  <vehicle id="veh_808" type="bus"/>
  <vehicle id="veh_809" type="bus"/>
  <vehicle id="veh_810" type="bus"/>
  <vehicle id="veh_811" type="bus"/>
  <vehicle id="veh_812" type="bus"/>
  <vehicle id="veh_813" type="bus"/>
  <vehicle id="veh_814" type="bus"/>
  <vehicle id="veh_815" type="bus"/>
  <vehicle id="veh_816" type="bus"/>
  <vehicle id="veh_817" type="bus"/>
  <vehicle id="veh_818" type="bus"/>
  <vehicle id="veh_819" type="bus"/>
  <vehicle id="veh_820" type="bus"/>
  <vehicle id="veh_821" type="bus"/>
  <vehicle id="veh_822" type="bus"/>
  <vehicle id="veh_823" type="bus"/>
  <vehicle id="veh_824" type="bus"/>
  <vehicle id="veh_825" type="bus"/>
  <vehicle id="veh_826" type="bus"/>
  <vehicle id="veh_827" type="bus"/>
  <vehicle id="veh_828" type="bus"/>
  <vehicle id="veh_829" type="bus"/>
  <vehicle id="veh_830" type="bus"/>
  <vehicle id="veh_831" type="bus"/>
  <vehicle id="veh_832" type="bus"/>
  <vehicle id="veh_833" type="bus"/>
  <vehicle id="veh_834" type="bus"/>
  <vehicle id="veh_835" type="bus"/>
  <vehicle id="veh_836" type="bus"/>
  <vehicle id="veh_837" type="bus"/>
  <vehicle id="veh_838" type="bus"/>
  <vehicle id="veh_839" type="bus"/>
  <vehicle id="veh_840" type="bus"/>
  <vehicle id="veh_841" type="bus"/>
  <vehicle id="veh_842" type="bus"/>
  <vehicle id="veh_843" type="bus"/>
  <vehicle id="veh_844" type="bus"/>
  <vehicle id="veh_845" type="bus"/>
  <vehicle id="veh_846" type="bus"/>
  <vehicle id="veh_847" type="bus"/>
  <vehicle id="veh_848" type="bus"/>
  <vehicle id="veh_849" type="bus"/>
  <vehicle id="veh_850" type="bus"/>
  <vehicle id="veh_851" type="bus"/>
  <vehicle id="veh_852" type="bus"/>
  <vehicle id="veh_853" type="bus"/>
  <vehicle id="veh_854" type="bus"/>
  <vehicle id="veh_855" type="bus"/>
  <vehicle id="veh_856" type="bus"/>
  <vehicle id="veh_857" type="bus"/>
  <vehicle id="veh_858" type="bus"/>
  <vehicle id="veh_859" type="bus"/>
  <vehicle id="veh_860" type="bus"/>
  <vehicle id="veh_861" type="bus"/>
  <vehicle id="veh_862" type="bus"/>
  <vehicle id="veh_863" type="bus"/>
  <vehicle id="veh_864" type="bus"/>
  <vehicle id="veh_865" type="bus"/>
  <vehicle id="veh_866" type="bus"/>
  <vehicle id="veh_867" type="bus"/>
  <vehicle id="veh_868" type="bus"/>
  <vehicle id="veh_869" type="bus"/>
  <vehicle id="veh_870" type="bus"/>
  <vehicle id="veh_871" type="bus"/>
  <vehicle id="veh_872" type="bus"/>
  <vehicle id="veh_873" type="bus"/>
  <vehicle id="veh_874" type="bus"/>
  <vehicle id="veh_875" type="bus"/>
  <vehicle id="veh_876" type="bus"/>
  <vehicle id="veh_877" type="bus"/>
  <vehicle id="veh_878" type="bus"/>
  <vehicle id="veh_879" type="bus"/>
  <vehicle id="veh_880" type="bus"/>
  <vehicle id="veh_881" type="bus"/>
  <vehicle id="veh_882" type="bus"/>
  <vehicle id="veh_883" type="bus"/>
  <vehicle id="veh_884" type="bus"/>
  <vehicle id="veh_885" type="bus"/>
  <vehicle id="veh_886" type="bus"/>
  <vehicle id="veh_887" type="bus"/>
  <vehicle id="veh_888" type="bus"/>
  <vehicle id="veh_889" type="bus"/>
  <vehicle id="veh_890" type="bus"/>
  <vehicle id="veh_891" type="bus"/>
  <vehicle id="veh_892" type="bus"/>
  <vehicle id="veh_893" type="bus"/>
  <vehicle id="veh_894" type="bus"/>
  <vehicle id="veh_895" type="bus"/>
  <vehicle id="veh_896" type="bus"/>
  <vehicle id="veh_897" type="bus"/>
  <vehicle id="veh_898" type="bus"/>
  <vehicle id="veh_899" type="bus"/>
  <vehicle id="veh_900" type="bus"/>
  <vehicle id="veh_901" type="bus"/>
  <vehicle id="veh_902" type="bus"/>
  <vehicle id="veh_903" type="bus"/>
  <vehicle id="veh_904" type="bus"/>
  <vehicle id="veh_905" type="bus"/>
  <vehicle id="veh_906" type="bus"/>
  <vehicle id="veh_907" type="bus"/>
  <vehicle id="veh_908" type="bus"/>
  <vehicle id="veh_909" type="bus"/>
  <vehicle id="veh_910" type="bus"/>
  <vehicle id="veh_911" type="bus"/>
  <vehicle id="veh_912" type="bus"/>
  <vehicle id="veh_913" type="bus"/>
  <vehicle id="veh_914" type="bus"/>
  <vehicle id="veh_915" type="bus"/>
  <vehicle id="veh_916" type="bus"/>
  <vehicle id="veh_917" type="bus"/>
  <vehicle id="veh_918" type="bus"/>
  <vehicle id="veh_919" type="bus"/>
  <vehicle id="veh_920" type="bus"/>
  <vehicle id="veh_921" type="bus"/>
  <vehicle id="veh_922" type="bus"/>
  <vehicle id="veh_923" type="bus"/>
  <vehicle id="veh_924" type="bus"/>
  <vehicle id="veh_925" type="bus"/>
  <vehicle id="veh_926" type="bus"/>
  <vehicle id="veh_927" type="bus"/>
  <vehicle id="veh_928" type="bus"/>
  <vehicle id="veh_929" type="bus"/>
  <vehicle id="veh_930" type="bus"/>
  <vehicle id="veh_931" type="bus"/>
  <vehicle id="veh_932" type="bus"/>
  <vehicle id="veh_933" type="bus"/>
  <vehicle id="veh_934" type="bus"/>
  <vehicle id="veh_935" type="bus"/>
  <vehicle id="veh_936" type="bus"/>
  <vehicle id="veh_937" type="bus"/>
  <vehicle id="veh_938" type="bus"/>
  <vehicle id="veh_939" type="bus"/>
  <vehicle id="veh_940" type="bus"/>
  <vehicle id="veh_941" type="bus"/>
  <vehicle id="veh_942" type="bus"/>
  <vehicle id="veh_943" type="bus"/>
  <vehicle id="veh_944" type="bus"/>
  <vehicle id="veh_945" type="bus"/>
  <vehicle id="veh_946" type="bus"/>
  <vehicle id="veh_947" type="bus"/>
  <vehicle id="veh_948" type="bus"/>
  <vehicle id="veh_949" type="bus"/>
  <vehicle id="veh_950" type="bus"/>
  <vehicle id="veh_951" type="bus"/>
  <vehicle id="veh_952" type="bus"/>
  <vehicle id="veh_953" type="bus"/>
  <vehicle id="veh_954" type="bus"/>
  <vehicle id="veh_955" type="bus"/>
  <vehicle id="veh_956" type="bus"/>
  <vehicle id="veh_957" type="bus"/>
  <vehicle id="veh_958" type="bus"/>
  <vehicle id="veh_959" type="bus"/>
  <vehicle id="veh_960" type="bus"/>
  <vehicle id="veh_961" type="bus"/>
  <vehicle id="veh_962" type="bus"/>
  <vehicle id="veh_963" type="bus"/>
  <vehicle id="veh_964" type="bus"/>
  <vehicle id="veh_965" type="bus"/>
  <vehicle id="veh_966" type="bus"/>
  <vehicle id="veh_967" type="bus"/>
  <vehicle id="veh_968" type="bus"/>
  <vehicle id="veh_969" type="bus"/>
  <vehicle id="veh_970" type="bus"/>
  <vehicle id="veh_971" type="bus"/>
  <vehicle id="veh_972" type="bus"/>
  <vehicle id="veh_973" type="bus"/>
  <vehicle id="veh_974" type="bus"/>
  <vehicle id="veh_975" type="bus"/>
  <vehicle id="veh_976" type="bus"/>
  <vehicle id="veh_977" type="bus"/>
  <vehicle id="veh_978" type="bus"/>
  <vehicle id="veh_979" type="bus"/>
  <vehicle id="veh_980" type="bus"/>
  <vehicle id="veh_981" type="bus"/>
  <vehicle id="veh_982" type="bus"/>
  <vehicle id="veh_983" type="bus"/>
  <vehicle id="veh_984" type="bus"/>
  <vehicle id="veh_985" type="bus"/>
  <vehicle id="veh_986" type="bus"/>
  <vehicle id="veh_987" type="bus"/>
  <vehicle id="veh_988" type="bus"/>
  <vehicle id="veh_989" type="bus"/>
  <vehicle id="veh_990" type="bus"/>
  <vehicle id="veh_991" type="bus"/>
  <vehicle id="veh_992" type="bus"/>
  <vehicle id="veh_993" type="bus"/>
  <vehicle id="veh_994" type="bus"/>
  <vehicle id="veh_995" type="bus"/>
  <vehicle id="veh_996" type="bus"/>
  <vehicle id="veh_997" type="bus"/>
  <vehicle id="veh_998" type="bus"/>
  <vehicle id="veh_999" type="bus"/>
  <vehicle id="veh_1000" type="bus"/>
  <vehicle id="veh_1001" type="bus"/>
  <vehicle id="veh_1002" type="bus"/>
  <vehicle id="veh_1003" type="bus"/>
  <vehicle id="veh_1004" type="bus"/>
  <vehicle id="veh_1005" type="bus"/>
  <vehicle id="veh_1006" type="bus"/>
  <vehicle id="veh_1007" type="bus"/>
  <vehicle id="veh_1008" type="bus"/>
  <vehicle id="veh_1009" type="bus"/>
  <vehicle id="veh_1010" type="bus"/>
  <vehicle id="veh_1011" type="bus"/>
  <vehicle id="veh_1012" type="bus"/>
  <vehicle id="veh_1013" type="bus"/>
  <vehicle id="veh_1014" type="bus"/>
  <vehicle id="veh_1015" type="bus"/>
  <vehicle id="veh_1016" type="bus"/>
  <vehicle id="veh_1017" type="bus"/>
  <vehicle id="veh_1018" type="bus"/>
  <vehicle id="veh_1019" type="bus"/>
  <vehicle id="veh_1020" type="bus"/>
  <vehicle id="veh_1021" type="bus"/>
  <vehicle id="veh_1022" type="bus"/>
  <vehicle id="veh_1023" type="bus"/>
  <vehicle id="veh_1024" type="bus"/>
  <vehicle id="veh_1025" type="bus"/>
  <vehicle id="veh_1026" type="bus"/>
  <vehicle id="veh_1027" type="bus"/>
  <vehicle id="veh_1028" type="bus"/>
  <vehicle id="veh_1029" type="bus"/>
  <vehicle id="veh_1030" type="bus"/>
  <vehicle id="veh_1031" type="bus"/>
  <vehicle id="veh_1032" type="bus"/>
  <vehicle id="veh_1033" type="bus"/>
  <vehicle id="veh_1034" type="bus"/>
  <vehicle id="veh_1035" type="bus"/>
  <vehicle id="veh_1036" type="bus"/>
  <vehicle id="veh_1037" type="bus"/>
  <vehicle id="veh_1038" type="bus"/>
  <vehicle id="veh_1039" type="bus"/>
  <vehicle id="veh_1040" type="bus"/>
  <vehicle id="veh_1041" type="bus"/>
  <vehicle id="veh_1042" type="bus"/>
  <vehicle id="veh_1043" type="bus"/>
  <vehicle id="veh_1044" type="bus"/>
  <vehicle id="veh_1045" type="bus"/>
  <vehicle id="veh_1046" type="bus"/>
  <vehicle id="veh_1047" type="bus"/>
  <vehicle id="veh_1048" type="bus"/>
  <vehicle id="veh_1049" type="bus"/>
  <vehicle id="veh_1050" type="bus"/>
  <vehicle id="veh_1051" type="bus"/>
  <vehicle id="veh_1052" type="bus"/>
  <vehicle id="veh_1053" type="bus"/>
  <vehicle id="veh_1054" type="bus"/>
  <vehicle id="veh_1055" type="bus"/>
  <vehicle id="veh_1056" type="bus"/>
  <vehicle id="veh_1057" type="bus"/>
  <vehicle id="veh_1058" type="bus"/>
  <vehicle id="veh_1059" type="bus"/>
  <vehicle id="veh_1060" type="bus"/>
  <vehicle id="veh_1061" type="bus"/>
  <vehicle id="veh_1062" type="bus"/>
  <vehicle id="veh_1063" type="bus"/>
  <vehicle id="veh_1064" type="bus"/>
  <vehicle id="veh_1065" type="bus"/>
  <vehicle id="veh_1066" type="bus"/>
  <vehicle id="veh_1067" type="bus"/>
  <vehicle id="veh_1068" type="bus"/>
  <vehicle id="veh_1069" type="bus"/>
  <vehicle id="veh_1070" type="bus"/>
  <vehicle id="veh_1071" type="bus"/>
  <vehicle id="veh_1072" type="bus"/>
  <vehicle id="veh_1073" type="bus"/>
  <vehicle id="veh_1074" type="bus"/>
  <vehicle id="veh_1075" type="bus"/>
  <vehicle id="veh_1076" type="bus"/>
  <vehicle id="veh_1077" type="bus"/>
  <vehicle id="veh_1078" type="bus"/>
  <vehicle id="veh_1079" type="bus"/>
  <vehicle id="veh_1080" type="bus"/>
  <vehicle id="veh_1081" type="bus"/>
  <vehicle id="veh_1082" type="bus"/>
  <vehicle id="veh_1083" type="bus"/>
  <vehicle id="veh_1084" type="bus"/>
  <vehicle id="veh_1085" type="bus"/>
  <vehicle id="veh_1086" type="bus"/>
  <vehicle id="veh_1087" type="bus"/>
  <vehicle id="veh_1088" type="bus"/>
  <vehicle id="veh_1089" type="bus"/>
  <vehicle id="veh_1090" type="bus"/>
  <vehicle id="veh_1091" type="bus"/>
  <vehicle id="veh_1092" type="bus"/>
  <vehicle id="veh_1093" type="bus"/>
  <vehicle id="veh_1094" type="bus"/>
  <vehicle id="veh_1095" type="bus"/>
  <vehicle id="veh_1096" type="bus"/>
  <vehicle id="veh_1097" type="bus"/>
  <vehicle id="veh_1098" type="bus"/>
  <vehicle id="veh_1099" type="bus"/>
  <vehicle id="veh_1100" type="bus"/>
  <vehicle id="veh_1101" type="bus"/>
  <vehicle id="veh_1102" type="bus"/>
  <vehicle id="veh_1103" type="bus"/>
  <vehicle id="veh_1104" type="bus"/>
  <vehicle id="veh_1105" type="bus"/>
  <vehicle id="veh_1106" type="bus"/>
  <vehicle id="veh_1107" type="bus"/>
  <vehicle id="veh_1108" type="bus"/>
  <vehicle id="veh_1109" type="bus"/>
  <vehicle id="veh_1110" type="bus"/>
  <vehicle id="veh_1111" type="bus"/>
  <vehicle id="veh_1112" type="bus"/>
  <vehicle id="veh_1113" type="bus"/>
  <vehicle id="veh_1114" type="bus"/>
  <vehicle id="veh_1115" type="bus"/>
  <vehicle id="veh_1116" type="bus"/>
  <vehicle id="veh_1117" type="bus"/>
  <vehicle id="veh_1118" type="bus"/>
  <vehicle id="veh_1119" type="bus"/>
  <vehicle id="veh_1120" type="bus"/>
  <vehicle id="veh_1121" type="bus"/>
  <vehicle id="veh_1122" type="bus"/>
  <vehicle id="veh_1123" type="bus"/>
  <vehicle id="veh_1124" type="bus"/>
  <vehicle id="veh_1125" type="bus"/>
  <vehicle id="veh_1126" type="bus"/>
  <vehicle id="veh_1127" type="bus"/>
  <vehicle id="veh_1128" type="bus"/>
  <vehicle id="veh_1129" type="bus"/>
  <vehicle id="veh_1130" type="bus"/>
  <vehicle id="veh_1131" type="bus"/>
  <vehicle id="veh_1132" type="bus"/>
  <vehicle id="veh_1133" type="bus"/>
  <vehicle id="veh_1134" type="bus"/>
  <vehicle id="veh_1135" type="bus"/>
  <vehicle id="veh_1136" type="bus"/>
  <vehicle id="veh_1137" type="bus"/>
  <vehicle id="veh_1138" type="bus"/>
  <vehicle id="veh_1139" type="bus"/>
  <vehicle id="veh_1140" type="bus"/>
  <vehicle id="veh_1141" type="bus"/>
  <vehicle id="veh_1142" type="bus"/>
  <vehicle id="veh_1143" type="bus"/>
  <vehicle id="veh_1144" type="bus"/>
  <vehicle id="veh_1145" type="bus"/>
  <vehicle id="veh_1146" type="bus"/>
  <vehicle id="veh_1147" type="bus"/>
  <vehicle id="veh_1148" type="bus"/>
  <vehicle id="veh_1149" type="bus"/>
  <vehicle id="veh_1150" type="bus"/>
  <vehicle id="veh_1151" type="bus"/>
  <vehicle id="veh_1152" type="bus"/>
  <vehicle id="veh_1153" type="bus"/>
  <vehicle id="veh_1154" type="bus"/>
  <vehicle id="veh_1155" type="bus"/>
  <vehicle id="veh_1156" type="bus"/>
  <vehicle id="veh_1157" type="bus"/>
  <vehicle id="veh_1158" type="bus"/>
  <vehicle id="veh_1159" type="bus"/>
  <vehicle id="veh_1160" type="bus"/>
  <vehicle id="veh_1161" type="bus"/>
  <vehicle id="veh_1162" type="bus"/>
  <vehicle id="veh_1163" type="bus"/>
  <vehicle id="veh_1164" type="bus"/>
  <vehicle id="veh_1165" type="bus"/>
  <vehicle id="veh_1166" type="bus"/>
  <vehicle id="veh_1167" type="bus"/>
  <vehicle id="veh_1168" type="bus"/>
  <vehicle id="veh_1169" type="bus"/>
  <vehicle id="veh_1170" type="bus"/>
  <vehicle id="veh_1171" type="bus"/>
  <vehicle id="veh_1172" type="bus"/>
  <vehicle id="veh_1173" type="bus"/>
  <vehicle id="veh_1174" type="bus"/>
  <vehicle id="veh_1175" type="bus"/>
  <vehicle id="veh_1176" type="bus"/>
  <vehicle id="veh_1177" type="bus"/>
  <vehicle id="veh_1178" type="bus"/>
  <vehicle id="veh_1179" type="bus"/>
  <vehicle id="veh_1180" type="bus"/>
  <vehicle id="veh_1181" type="bus"/>
  <vehicle id="veh_1182" type="bus"/>
  <vehicle id="veh_1183" type="bus"/>
  <vehicle id="veh_1184" type="bus"/>
  <vehicle id="veh_1185" type="bus"/>
  <vehicle id="veh_1186" type="bus"/>
  <vehicle id="veh_1187" type="bus"/>
  <vehicle id="veh_1188" type="bus"/>
  <vehicle id="veh_1189" type="bus"/>
  <vehicle id="veh_1190" type="bus"/>
  <vehicle id="veh_1191" type="bus"/>
  <vehicle id="veh_1192" type="bus"/>
  <vehicle id="veh_1193" type="bus"/>
  <vehicle id="veh_1194" type="bus"/>
  <vehicle id="veh_1195" type="bus"/>
  <vehicle id="veh_1196" type="bus"/>
  <vehicle id="veh_1197" type="bus"/>
  <vehicle id="veh_1198" type="bus"/>
  <vehicle id="veh_1199" type="bus"/>
  <vehicle id="veh_1200" type="bus"/>
  <vehicle id="veh_1201" type="bus"/>
  <vehicle id="veh_1202" type="bus"/>
  <vehicle id="veh_1203" type="bus"/>
  <vehicle id="veh_1204" type="bus"/>
  <vehicle id="veh_1205" type="bus"/>
  <vehicle id="veh_1206" type="bus"/>
  <vehicle id="veh_1207" type="bus"/>
  <vehicle id="veh_1208" type="bus"/>
  <vehicle id="veh_1209" type="bus"/>
  <vehicle id="veh_1210" type="bus"/>
  <vehicle id="veh_1211" type="bus"/>
  <vehicle id="veh_1212" type="bus"/>
  <vehicle id="veh_1213" type="bus"/>
  <vehicle id="veh_1214" type="bus"/>
  <vehicle id="veh_1215" type="bus"/>
  <vehicle id="veh_1216" type="bus"/>
  <vehicle id="veh_1217" type="bus"/>
  <vehicle id="veh_1218" type="bus"/>
  <vehicle id="veh_1219" type="bus"/>
  <vehicle id="veh_1220" type="bus"/>
  <vehicle id="veh_1221" type="bus"/>
  <vehicle id="veh_1222" type="bus"/>
  <vehicle id="veh_1223" type="bus"/>
  <vehicle id="veh_1224" type="bus"/>
  <vehicle id="veh_1225" type="bus"/>
  <vehicle id="veh_1226" type="bus"/>
  <vehicle id="veh_1227" type="bus"/>
  <vehicle id="veh_1228" type="bus"/>
  <vehicle id="veh_1229" type="bus"/>
  <vehicle id="veh_1230" type="bus"/>
  <vehicle id="veh_1231" type="bus"/>
  <vehicle id="veh_1232" type="bus"/>
  <vehicle id="veh_1233" type="bus"/>
  <vehicle id="veh_1234" type="bus"/>
  <vehicle id="veh_1235" type="bus"/>
  <vehicle id="veh_1236" type="bus"/>
  <vehicle id="veh_1237" type="bus"/>
  <vehicle id="veh_1238" type="bus"/>
  <vehicle id="veh_1239" type="bus"/>
  <vehicle id="veh_1240" type="bus"/>
  <vehicle id="veh_1241" type="bus"/>
  <vehicle id="veh_1242" type="bus"/>
  <vehicle id="veh_1243" type="bus"/>
  <vehicle id="veh_1244" type="bus"/>
  <vehicle id="veh_1245" type="bus"/>
  <vehicle id="veh_1246" type="bus"/>
  <vehicle id="veh_1247" type="bus"/>
  <vehicle id="veh_1248" type="bus"/>
  <vehicle id="veh_1249" type="bus"/>
  <vehicle id="veh_1250" type="bus"/>
  <vehicle id="veh_1251" type="bus"/>
  <vehicle id="veh_1252" type="bus"/>
  <vehicle id="veh_1253" type="bus"/>
  <vehicle id="veh_1254" type="bus"/>
  <vehicle id="veh_1255" type="bus"/>
  <vehicle id="veh_1256" type="bus"/>
  <vehicle id="veh_1257" type="bus"/>
  <vehicle id="veh_1258" type="bus"/>
  <vehicle id="veh_1259" type="bus"/>
  <vehicle id="veh_1260" type="bus"/>
  <vehicle id="veh_1261" type="bus"/>
  <vehicle id="veh_1262" type="bus"/>
  <vehicle id="veh_1263" type="bus"/>
  <vehicle id="veh_1264" type="bus"/>
  <vehicle id="veh_1265" type="bus"/>
  <vehicle id="veh_1266" type="bus"/>
  <vehicle id="veh_1267" type="bus"/>
  <vehicle id="veh_1268" type="bus"/>
  <vehicle id="veh_1269" type="bus"/>
  <vehicle id="veh_1270" type="bus"/>
  <vehicle id="veh_1271" type="bus"/>
  <vehicle id="veh_1272" type="bus"/>
  <vehicle id="veh_1273" type="bus"/>
  <vehicle id="veh_1274" type="bus"/>
  <vehicle id="veh_1275" type="bus"/>
  <vehicle id="veh_1276" type="bus"/>
  <vehicle id="veh_1277" type="bus"/>
  <vehicle id="veh_1278" type="bus"/>
  <vehicle id="veh_1279" type="bus"/>
  <vehicle id="veh_1280" type="bus"/>
  <vehicle id="veh_1281" type="bus"/>
  <vehicle id="veh_1282" type="bus"/>
  <vehicle id="veh_1283" type="bus"/>
  <vehicle id="veh_1284" type="bus"/>
  <vehicle id="veh_1285" type="bus"/>
  <vehicle id="veh_1286" type="bus"/>
  <vehicle id="veh_1287" type="bus"/>
  <vehicle id="veh_1288" type="bus"/>
  <vehicle id="veh_1289" type="bus"/>
  <vehicle id="veh_1290" type="bus"/>
  <vehicle id="veh_1291" type="bus"/>
  <vehicle id="veh_1292" type="bus"/>
  <vehicle id="veh_1293" type="bus"/>
  <vehicle id="veh_1294" type="bus"/>
  <vehicle id="veh_1295" type="bus"/>
  <vehicle id="veh_1296" type="bus"/>
  <vehicle id="veh_1297" type="bus"/>
  <vehicle id="veh_1298" type="bus"/>
  <vehicle id="veh_1299" type="bus"/>
  <vehicle id="veh_1300" type="bus"/>
  <vehicle id="veh_1301" type="bus"/>
  <vehicle id="veh_1302" type="bus"/>
  <vehicle id="veh_1303" type="bus"/>
  <vehicle id="veh_1304" type="bus"/>
  <vehicle id="veh_1305" type="bus"/>
  <vehicle id="veh_1306" type="bus"/>
  <vehicle id="veh_1307" type="bus"/>
  <vehicle id="veh_1308" type="bus"/>
  <vehicle id="veh_1309" type="bus"/>
  <vehicle id="veh_1310" type="bus"/>
  <vehicle id="veh_1311" type="bus"/>
  <vehicle id="veh_1312" type="bus"/>
  <vehicle id="veh_1313" type="bus"/>
  <vehicle id="veh_1314" type="bus"/>
  <vehicle id="veh_1315" type="bus"/>
  <vehicle id="veh_1316" type="bus"/>
  <vehicle id="veh_1317" type="bus"/>
  <vehicle id="veh_1318" type="bus"/>
  <vehicle id="veh_1319" type="bus"/>
  <vehicle id="veh_1320" type="bus"/>
  <vehicle id="veh_1321" type="bus"/>
  <vehicle id="veh_1322" type="bus"/>
  <vehicle id="veh_1323" type="bus"/>
  <vehicle id="veh_1324" type="bus"/>
  <vehicle id="veh_1325" type="bus"/>
  <vehicle id="veh_1326" type="bus"/>
  <vehicle id="veh_1327" type="bus"/>
  <vehicle id="veh_1328" type="bus"/>
  <vehicle id="veh_1329" type="bus"/>
  <vehicle id="veh_1330" type="bus"/>
  <vehicle id="veh_1331" type="bus"/>
  <vehicle id="veh_1332" type="bus"/>
  <vehicle id="veh_1333" type="bus"/>
  <vehicle id="veh_1334" type="bus"/>
  <vehicle id="veh_1335" type="bus"/>
  <vehicle id="veh_1336" type="bus"/>
  <vehicle id="veh_1337" type="bus"/>
  <vehicle id="veh_1338" type="bus"/>
  <vehicle id="veh_1339" type="bus"/>
  <vehicle id="veh_1340" type="bus"/>
  <vehicle id="veh_1341" type="bus"/>
  <vehicle id="veh_1342" type="bus"/>
  <vehicle id="veh_1343" type="bus"/>
  <vehicle id="veh_1344" type="bus"/>
  <vehicle id="veh_1345" type="bus"/>
  <vehicle id="veh_1346" type="bus"/>
  <vehicle id="veh_1347" type="bus"/>
  <vehicle id="veh_1348" type="bus"/>
  <vehicle id="veh_1349" type="bus"/>
  <vehicle id="veh_1350" type="bus"/>
  <vehicle id="veh_1351" type="bus"/>
  <vehicle id="veh_1352" type="bus"/>
  <vehicle id="veh_1353" type="bus"/>
  <vehicle id="veh_1354" type="bus"/>
  <vehicle id="veh_1355" type="bus"/>
  <vehicle id="veh_1356" type="bus"/>
  <vehicle id="veh_1357" type="bus"/>
  <vehicle id="veh_1358" type="bus"/>
  <vehicle id="veh_1359" type="bus"/>
  <vehicle id="veh_1360" type="bus"/>
  <vehicle id="veh_1361" type="bus"/>
  <vehicle id="veh_1362" type="bus"/>
  <vehicle id="veh_1363" type="bus"/>
  <vehicle id="veh_1364" type="bus"/>
  <vehicle id="veh_1365" type="bus"/>
  <vehicle id="veh_1366" type="bus"/>
  <vehicle id="veh_1367" type="bus"/>
  <vehicle id="veh_1368" type="bus"/>
  <vehicle id="veh_1369" type="bus"/>
  <vehicle id="veh_1370" type="bus"/>
  <vehicle id="veh_1371" type="bus"/>
  <vehicle id="veh_1372" type="bus"/>
  <vehicle id="veh_1373" type="bus"/>
  <vehicle id="veh_1374" type="bus"/>
  <vehicle id="veh_1375" type="bus"/>
  <vehicle id="veh_1376" type="bus"/>
  <vehicle id="veh_1377" type="bus"/>
  <vehicle id="veh_1378" type="bus"/>
  <vehicle id="veh_1379" type="bus"/>
  <vehicle id="veh_1380" type="bus"/>
  <vehicle id="veh_1381" type="bus"/>
  <vehicle id="veh_1382" type="bus"/>
  <vehicle id="veh_1383" type="bus"/>
  <vehicle id="veh_1384" type="bus"/>
  <vehicle id="veh_1385" type="bus"/>
  <vehicle id="veh_1386" type="bus"/>
  <vehicle id="veh_1387" type="bus"/>
  <vehicle id="veh_1388" type="bus"/>
  <vehicle id="veh_1389" type="bus"/>
  <vehicle id="veh_1390" type="bus"/>
  <vehicle id="veh_1391" type="bus"/>
  <vehicle id="veh_1392" type="bus"/>
  <vehicle id="veh_1393" type="bus"/>
  <vehicle id="veh_1394" type="bus"/>
  <vehicle id="veh_1395" type="bus"/>
  <vehicle id="veh_1396" type="bus"/>
  <vehicle id="veh_1397" type="bus"/>
  <vehicle id="veh_1398" type="bus"/>
  <vehicle id="veh_1399" type="bus"/>
  <vehicle id="veh_1400" type="bus"/>
  <vehicle id="veh_1401" type="bus"/>
  <vehicle id="veh_1402" type="bus"/>
  <vehicle id="veh_1403" type="bus"/>
  <vehicle id="veh_1404" type="bus"/>
  <vehicle id="veh_1405" type="bus"/>
  <vehicle id="veh_1406" type="bus"/>
  <vehicle id="veh_1407" type="bus"/>
  <vehicle id="veh_1408" type="bus"/>
  <vehicle id="veh_1409" type="bus"/>
  <vehicle id="veh_1410" type="bus"/>
  <vehicle id="veh_1411" type="bus"/>
  <vehicle id="veh_1412" type="bus"/>
  <vehicle id="veh_1413" type="bus"/>
  <vehicle id="veh_1414" type="bus"/>
  <vehicle id="veh_1415" type="bus"/>
  <vehicle id="veh_1416" type="bus"/>
  <vehicle id="veh_1417" type="bus"/>
  <vehicle id="veh_1418" type="bus"/>
  <vehicle id="veh_1419" type="bus"/>
  <vehicle id="veh_1420" type="bus"/>
  <vehicle id="veh_1421" type="bus"/>
  <vehicle id="veh_1422" type="bus"/>
  <vehicle id="veh_1423" type="bus"/>
  <vehicle id="veh_1424" type="bus"/>
  <vehicle id="veh_1425" type="bus"/>
  <vehicle id="veh_1426" type="bus"/>
  <vehicle id="veh_1427" type="bus"/>
  <vehicle id="veh_1428" type="bus"/>
  <vehicle id="veh_1429" type="bus"/>
  <vehicle id="veh_1430" type="bus"/>
  <vehicle id="veh_1431" type="bus"/>
  <vehicle id="veh_1432" type="bus"/>
  <vehicle id="veh_1433" type="bus"/>
  <vehicle id="veh_1434" type="bus"/>
  <vehicle id="veh_1435" type="bus"/>
  <vehicle id="veh_1436" type="bus"/>
  <vehicle id="veh_1437" type="bus"/>
  <vehicle id="veh_1438" type="bus"/>
  <vehicle id="veh_1439" type="bus"/>
  <vehicle id="veh_1440" type="bus"/>
  <vehicle id="veh_1441" type="bus"/>
  <vehicle id="veh_1442" type="bus"/>
  <vehicle id="veh_1443" type="bus"/>
  <vehicle id="veh_1444" type="bus"/>
  <vehicle id="veh_1445" type="bus"/>
  <vehicle id="veh_1446" type="bus"/>
  <vehicle id="veh_1447" type="bus"/>
  <vehicle id="veh_1448" type="bus"/>
  <vehicle id="veh_1449" type="bus"/>
  <vehicle id="veh_1450" type="bus"/>
  <vehicle id="veh_1451" type="bus"/>
  <vehicle id="veh_1452" type="bus"/>
  <vehicle id="veh_1453" type="bus"/>
  <vehicle id="veh_1454" type="bus"/>
  <vehicle id="veh_1455" type="bus"/>
  <vehicle id="veh_1456" type="bus"/>
  <vehicle id="veh_1457" type="bus"/>
  <vehicle id="veh_1458" type="bus"/>
  <vehicle id="veh_1459" type="bus"/>
  <vehicle id="veh_1460" type="bus"/>
  <vehicle id="veh_1461" type="bus"/>
  <vehicle id="veh_1462" type="bus"/>
  <vehicle id="veh_1463" type="bus"/>
  <vehicle id="veh_1464" type="bus"/>
  <vehicle id="veh_1465" type="bus"/>
  <vehicle id="veh_1466" type="bus"/>
  <vehicle id="veh_1467" type="bus"/>
  <vehicle id="veh_1468" type="bus"/>
  <vehicle id="veh_1469" type="bus"/>
  <vehicle id="veh_1470" type="bus"/>
  <vehicle id="veh_1471" type="bus"/>
  <vehicle id="veh_1472" type="bus"/>
  <vehicle id="veh_1473" type="bus"/>
  <vehicle id="veh_1474" type="bus"/>
  <vehicle id="veh_1475" type="bus"/>
  <vehicle id="veh_1476" type="bus"/>
  <vehicle id="veh_1477" type="bus"/>
  <vehicle id="veh_1478" type="bus"/>
  <vehicle id="veh_1479" type="bus"/>
  <vehicle id="veh_1480" type="bus"/>
  <vehicle id="veh_1481" type="bus"/>
  <vehicle id="veh_1482" type="bus"/>
  <vehicle id="veh_1483" type="bus"/>
  <vehicle id="veh_1484" type="bus"/>
  <vehicle id="veh_1485" type="bus"/>
  <vehicle id="veh_1486" type="bus"/>
  <vehicle id="veh_1487" type="bus"/>
  <vehicle id="veh_1488" type="bus"/>
  <vehicle id="veh_1489" type="bus"/>
  <vehicle id="veh_1490" type="bus"/>
  <vehicle id="veh_1491" type="bus"/>
  <vehicle id="veh_1492" type="bus"/>
  <vehicle id="veh_1493" type="bus"/>
  <vehicle id="veh_1494" type="bus"/>
  <vehicle id="veh_1495" type="bus"/>
  <vehicle id="veh_1496" type="bus"/>
  <vehicle id="veh_1497" type="bus"/>
  <vehicle id="veh_1498" type="bus"/>
  <vehicle id="veh_1499" type="bus"/>
  <vehicle id="veh_1500" type="bus"/>
  <vehicle id="veh_1501" type="bus"/>
  <vehicle id="veh_1502" type="bus"/>
  <vehicle id="veh_1503" type="bus"/>
  <vehicle id="veh_1504" type="bus"/>
  <vehicle id="veh_1505" type="bus"/>
  <vehicle id="veh_1506" type="bus"/>
  <vehicle id="veh_1507" type="bus"/>
  <vehicle id="veh_1508" type="bus"/>
  <vehicle id="veh_1509" type="bus"/>
  <vehicle id="veh_1510" type="bus"/>
  <vehicle id="veh_1511" type="bus"/>
  <vehicle id="veh_1512" type="bus"/>
  <vehicle id="veh_1513" type="bus"/>
  <vehicle id="veh_1514" type="bus"/>
  <vehicle id="veh_1515" type="bus"/>
  <vehicle id="veh_1516" type="bus"/>
  <vehicle id="veh_1517" type="bus"/>
  <vehicle id="veh_1518" type="bus"/>
  <vehicle id="veh_1519" type="bus"/>
  <vehicle id="veh_1520" type="bus"/>
  <vehicle id="veh_1521" type="bus"/>
  <vehicle id="veh_1522" type="bus"/>
  <vehicle id="veh_1523" type="bus"/>
  <vehicle id="veh_1524" type="bus"/>
  <vehicle id="veh_1525" type="bus"/>
  <vehicle id="veh_1526" type="bus"/>
  <vehicle id="veh_1527" type="bus"/>
  <vehicle id="veh_1528" type="bus"/>
  <vehicle id="veh_1529" type="bus"/>
  <vehicle id="veh_1530" type="bus"/>
  <vehicle id="veh_1531" type="bus"/>
  <vehicle id="veh_1532" type="bus"/>
  <vehicle id="veh_1533" type="bus"/>
  <vehicle id="veh_1534" type="bus"/>
  <vehicle id="veh_1535" type="bus"/>
  <vehicle id="veh_1536" type="bus"/>
  <vehicle id="veh_1537" type="bus"/>
  <vehicle id="veh_1538" type="bus"/>
  <vehicle id="veh_1539" type="bus"/>
  <vehicle id="veh_1540" type="bus"/>
  <vehicle id="veh_1541" type="bus"/>
  <vehicle id="veh_1542" type="bus"/>
  <vehicle id="veh_1543" type="bus"/>
  <vehicle id="veh_1544" type="bus"/>
  <vehicle id="veh_1545" type="bus"/>
  <vehicle id="veh_1546" type="bus"/>
  <vehicle id="veh_1547" type="bus"/>
  <vehicle id="veh_1548" type="bus"/>
  <vehicle id="veh_1549" type="bus"/>
  <vehicle id="veh_1550" type="bus"/>
  <vehicle id="veh_1551" type="bus"/>
  <vehicle id="veh_1552" type="bus"/>
  <vehicle id="veh_1553" type="bus"/>
  <vehicle id="veh_1554" type="bus"/>
  <vehicle id="veh_1555" type="bus"/>
  <vehicle id="veh_1556" type="bus"/>
  <vehicle id="veh_1557" type="bus"/>
  <vehicle id="veh_1558" type="bus"/>
  <vehicle id="veh_1559" type="bus"/>
  <vehicle id="veh_1560" type="bus"/>
  <vehicle id="veh_1561" type="bus"/>
  <vehicle id="veh_1562" type="bus"/>
  <vehicle id="veh_1563" type="bus"/>
  <vehicle id="veh_1564" type="bus"/>
  <vehicle id="veh_1565" type="bus"/>
  <vehicle id="veh_1566" type="bus"/>
  <vehicle id="veh_1567" type="bus"/>
  <vehicle id="veh_1568" type="bus"/>
  <vehicle id="veh_1569" type="bus"/>
  <vehicle id="veh_1570" type="bus"/>
  <vehicle id="veh_1571" type="bus"/>
  <vehicle id="veh_1572" type="bus"/>
  <vehicle id="veh_1573" type="bus"/>
  <vehicle id="veh_1574" type="bus"/>
  <vehicle id="veh_1575" type="bus"/>
  <vehicle id="veh_1576" type="bus"/>
  <vehicle id="veh_1577" type="bus"/>
  <vehicle id="veh_1578" type="bus"/>
  <vehicle id="veh_1579" type="bus"/>
  <vehicle id="veh_1580" type="bus"/>
  <vehicle id="veh_1581" type="bus"/>
  <vehicle id="veh_1582" type="bus"/>
  <vehicle id="veh_1583" type="bus"/>
  <vehicle id="veh_1584" type="bus"/>
  <vehicle id="veh_1585" type="bus"/>
  <vehicle id="veh_1586" type="bus"/>
  <vehicle id="veh_1587" type="bus"/>
  <vehicle id="veh_1588" type="bus"/>
  <vehicle id="veh_1589" type="bus"/>
  <vehicle id="veh_1590" type="bus"/>
  <vehicle id="veh_1591" type="bus"/>
  <vehicle id="veh_1592" type="bus"/>
  <vehicle id="veh_1593" type="bus"/>
  <vehicle id="veh_1594" type="bus"/>
  <vehicle id="veh_1595" type="bus"/>
  <vehicle id="veh_1596" type="bus"/>
  <vehicle id="veh_1597" type="bus"/>
  <vehicle id="veh_1598" type="bus"/>
  <vehicle id="veh_1599" type="bus"/>
  <vehicle id="veh_1600" type="bus"/>
  <vehicle id="veh_1601" type="bus"/>
  <vehicle id="veh_1602" type="bus"/>
  <vehicle id="veh_1603" type="bus"/>
  <vehicle id="veh_1604" type="bus"/>
  <vehicle id="veh_1605" type="bus"/>
  <vehicle id="veh_1606" type="bus"/>
  <vehicle id="veh_1607" type="bus"/>
  <vehicle id="veh_1608" type="bus"/>
  <vehicle id="veh_1609" type="bus"/>
  <vehicle id="veh_1610" type="bus"/>
  <vehicle id="veh_1611" type="bus"/>
  <vehicle id="veh_1612" type="bus"/>
  <vehicle id="veh_1613" type="bus"/>
  <vehicle id="veh_1614" type="bus"/>
  <vehicle id="veh_1615" type="bus"/>
  <vehicle id="veh_1616" type="bus"/>
  <vehicle id="veh_1617" type="bus"/>
  <vehicle id="veh_1618" type="bus"/>
  <vehicle id="veh_1619" type="bus"/>
  <vehicle id="veh_1620" type="bus"/>
  <vehicle id="veh_1621" type="bus"/>
  <vehicle id="veh_1622" type="bus"/>
  <vehicle id="veh_1623" type="bus"/>
  <vehicle id="veh_1624" type="bus"/>
  <vehicle id="veh_1625" type="bus"/>
  <vehicle id="veh_1626" type="bus"/>
  <vehicle id="veh_1627" type="bus"/>
  <vehicle id="veh_1628" type="bus"/>
  <vehicle id="veh_1629" type="bus"/>
  <vehicle id="veh_1630" type="bus"/>
  <vehicle id="veh_1631" type="bus"/>
  <vehicle id="veh_1632" type="bus"/>
  <vehicle id="veh_1633" type="bus"/>
  <vehicle id="veh_1634" type="bus"/>
  <vehicle id="veh_1635" type="bus"/>
  <vehicle id="veh_1636" type="bus"/>
  <vehicle id="veh_1637" type="bus"/>
  <vehicle id="veh_1638" type="bus"/>
  <vehicle id="veh_1639" type="bus"/>
  <vehicle id="veh_1640" type="bus"/>
  <vehicle id="veh_1641" type="bus"/>
  <vehicle id="veh_1642" type="bus"/>
  <vehicle id="veh_1643" type="bus"/>
  <vehicle id="veh_1644" type="bus"/>
  <vehicle id="veh_1645" type="bus"/>
  <vehicle id="veh_1646" type="bus"/>
  <vehicle id="veh_1647" type="bus"/>
  <vehicle id="veh_1648" type="bus"/>
  <vehicle id="veh_1649" type="bus"/>
  <vehicle id="veh_1650" type="bus"/>
  <vehicle id="veh_1651" type="bus"/>
  <vehicle id="veh_1652" type="bus"/>
  <vehicle id="veh_1653" type="bus"/>
  <vehicle id="veh_1654" type="bus"/>
  <vehicle id="veh_1655" type="bus"/>
  <vehicle id="veh_1656" type="bus"/>
  <vehicle id="veh_1657" type="bus"/>
  <vehicle id="veh_1658" type="bus"/>
  <vehicle id="veh_1659" type="bus"/>
  <vehicle id="veh_1660" type="bus"/>
  <vehicle id="veh_1661" type="bus"/>
  <vehicle id="veh_1662" type="bus"/>
  <vehicle id="veh_1663" type="bus"/>
  <vehicle id="veh_1664" type="bus"/>
  <vehicle id="veh_1665" type="bus"/>
  <vehicle id="veh_1666" type="bus"/>
  <vehicle id="veh_1667" type="bus"/>
  <vehicle id="veh_1668" type="bus"/>
  <vehicle id="veh_1669" type="bus"/>
  <vehicle id="veh_1670" type="bus"/>
  <vehicle id="veh_1671" type="bus"/>
  <vehicle id="veh_1672" type="bus"/>
  <vehicle id="veh_1673" type="bus"/>
  <vehicle id="veh_1674" type="bus"/>
  <vehicle id="veh_1675" type="bus"/>
  <vehicle id="veh_1676" type="bus"/>
  <vehicle id="veh_1677" type="bus"/>
  <vehicle id="veh_1678" type="bus"/>
  <vehicle id="veh_1679" type="bus"/>
  <vehicle id="veh_1680" type="bus"/>
  <vehicle id="veh_1681" type="bus"/>
  <vehicle id="veh_1682" type="bus"/>
  <vehicle id="veh_1683" type="bus"/>
  <vehicle id="veh_1684" type="bus"/>
  <vehicle id="veh_1685" type="bus"/>
  <vehicle id="veh_1686" type="bus"/>
  <vehicle id="veh_1687" type="bus"/>
  <vehicle id="veh_1688" type="bus"/>
  <vehicle id="veh_1689" type="bus"/>
  <vehicle id="veh_1690" type="bus"/>
  <vehicle id="veh_1691" type="bus"/>
  <vehicle id="veh_1692" type="bus"/>
  <vehicle id="veh_1693" type="bus"/>
  <vehicle id="veh_1694" type="bus"/>
  <vehicle id="veh_1695" type="bus"/>
  <vehicle id="veh_1696" type="bus"/>
  <vehicle id="veh_1697" type="bus"/>
  <vehicle id="veh_1698" type="bus"/>
  <vehicle id="veh_1699" type="bus"/>
  <vehicle id="veh_1700" type="bus"/>
  <vehicle id="veh_1701" type="bus"/>
  <vehicle id="veh_1702" type="bus"/>
  <vehicle id="veh_1703" type="bus"/>
  <vehicle id="veh_1704" type="bus"/>
  <vehicle id="veh_1705" type="bus"/>
  <vehicle id="veh_1706" type="bus"/>
  <vehicle id="veh_1707" type="bus"/>
  <vehicle id="veh_1708" type="bus"/>
  <vehicle id="veh_1709" type="bus"/>
  <vehicle id="veh_1710" type="bus"/>
  <vehicle id="veh_1711" type="bus"/>
  <vehicle id="veh_1712" type="bus"/>
  <vehicle id="veh_1713" type="bus"/>
  <vehicle id="veh_1714" type="bus"/>
  <vehicle id="veh_1715" type="bus"/>
  <vehicle id="veh_1716" type="bus"/>
  <vehicle id="veh_1717" type="bus"/>
  <vehicle id="veh_1718" type="bus"/>
  <vehicle id="veh_1719" type="bus"/>
  <vehicle id="veh_1720" type="bus"/>
  <vehicle id="veh_1721" type="bus"/>
  <vehicle id="veh_1722" type="bus"/>
  <vehicle id="veh_1723" type="bus"/>
  <vehicle id="veh_1724" type="bus"/>
  <vehicle id="veh_1725" type="bus"/>
  <vehicle id="veh_1726" type="bus"/>
  <vehicle id="veh_1727" type="bus"/>
  <vehicle id="veh_1728" type="bus"/>
  <vehicle id="veh_1729" type="bus"/>
  <vehicle id="veh_1730" type="bus"/>
  <vehicle id="veh_1731" type="bus"/>
  <vehicle id="veh_1732" type="bus"/>
  <vehicle id="veh_1733" type="bus"/>
  <vehicle id="veh_1734" type="bus"/>
  <vehicle id="veh_1735" type="bus"/>
  <vehicle id="veh_1736" type="bus"/>
  <vehicle id="veh_1737" type="bus"/>
  <vehicle id="veh_1738" type="bus"/>
  <vehicle id="veh_1739" type="bus"/>
  <vehicle id="veh_1740" type="bus"/>
  <vehicle id="veh_1741" type="bus"/>
  <vehicle id="veh_1742" type="bus"/>
  <vehicle id="veh_1743" type="bus"/>
  <vehicle id="veh_1744" type="bus"/>
  <vehicle id="veh_1745" type="bus"/>
  <vehicle id="veh_1746" type="bus"/>
  <vehicle id="veh_1747" type="bus"/>
  <vehicle id="veh_1748" type="bus"/>
  <vehicle id="veh_1749" type="bus"/>
  <vehicle id="veh_1750" type="bus"/>
  <vehicle id="veh_1751" type="bus"/>
  <vehicle id="veh_1752" type="bus"/>
  <vehicle id="veh_1753" type="bus"/>
  <vehicle id="veh_1754" type="bus"/>
  <vehicle id="veh_1755" type="bus"/>
  <vehicle id="veh_1756" type="bus"/>
  <vehicle id="veh_1757" type="bus"/>
  <vehicle id="veh_1758" type="bus"/>
  <vehicle id="veh_1759" type="bus"/>
  <vehicle id="veh_1760" type="bus"/>
  <vehicle id="veh_1761" type="bus"/>
  <vehicle id="veh_1762" type="bus"/>
  <vehicle id="veh_1763" type="bus"/>
  <vehicle id="veh_1764" type="bus"/>
  <vehicle id="veh_1765" type="bus"/>
  <vehicle id="veh_1766" type="bus"/>
  <vehicle id="veh_1767" type="bus"/>
  <vehicle id="veh_1768" type="bus"/>
  <vehicle id="veh_1769" type="bus"/>
  <vehicle id="veh_1770" type="bus"/>
  <vehicle id="veh_1771" type="bus"/>
  <vehicle id="veh_1772" type="bus"/>
  <vehicle id="veh_1773" type="bus"/>
  <vehicle id="veh_1774" type="bus"/>
  <vehicle id="veh_1775" type="bus"/>
  <vehicle id="veh_1776" type="bus"/>
  <vehicle id="veh_1777" type="bus"/>
  <vehicle id="veh_1778" type="bus"/>
  <vehicle id="veh_1779" type="bus"/>
  <vehicle id="veh_1780" type="bus"/>
  <vehicle id="veh_1781" type="bus"/>
  <vehicle id="veh_1782" type="bus"/>
  <vehicle id="veh_1783" type="bus"/>
  <vehicle id="veh_1784" type="bus"/>
  <vehicle id="veh_1785" type="bus"/>
  <vehicle id="veh_1786" type="bus"/>
  <vehicle id="veh_1787" type="bus"/>
  <vehicle id="veh_1788" type="bus"/>
  <vehicle id="veh_1789" type="bus"/>
  <vehicle id="veh_1790" type="bus"/>
  <vehicle id="veh_1791" type="bus"/>
  <vehicle id="veh_1792" type="bus"/>
  <vehicle id="veh_1793" type="bus"/>
  <vehicle id="veh_1794" type="bus"/>
  <vehicle id="veh_1795" type="bus"/>
</vehicleDefinitions>
